domain,currency,title,mpn,price,sku,url
www.serverpartdeals.com,USD,PNY NVIDIA RTX A4000 VCNRTXA4000 16GB GDDR6 PCIe 4.0 x16 Refurbished Professional Workstation Graphics Card,VCNRTXA4000,799.0,PNY-NVIDIA-A4000-16G_SR,https://www.serverpartdeals.com/products/pny-nvidia-rtx-a4000-vcnrtxa4000-16gb-gddr6-pcie-4-0-x16-refurbished-professional-workstation-graphics-card
www.serverpartdeals.com,USD,Western Digital Ultrastar DC HC580 WUH722424AL5201 0F62801 24TB 7.2K RPM SAS 12Gb/s 512e 512MB 3.5in Recertified HDD,WUH722424AL5201,799.0,WUH722424AL5201-0F62801_MR,https://www.serverpartdeals.com/products/western-digital-ultrastar-dc-hc580-wuh722424al5201-0f62801-24tb-7-2k-rpm-sas-12gb-s-512e-512mb-3-5-recertified-hdd
www.tier1online.com,USD,"HP ZBook Firefly 14 G10 i7-1355U [10-core] 3.70GHz 14"" WUXGA (1920x1200) IPS HDMI USB-C IR Cam 32GB DDR5 512GB NVMe Refurbished",I7-1355U,799.0,1-Firefly-14-G10-B,https://www.tier1online.com/products/hp-zbook-firefly-14-g10-i7-1355u-14-32gb-512gb-nvme-grade-b
www.itinstock.com,GBP,"Fujitsu Eternus DX S3/S4/S5 3.84TB 12G SAS TLC RI 2.5"" SFF SSD CA08226-E906",CA08226-E906,779.0,CA08226-E906/USED,https://www.itinstock.com/products/fujitsu-3-84tb-12g-sas-tlc-ri-2-5-sff-ssd-ca08226-e906-ca46233-1852-px05srb384
www.itinstock.com,GBP,NEW CPI ZetaFrame 45U Server Rack Cabinet Enclosure 600W x 1200D TSZ1535987,TSZ1535987,760.0,TSZ1535987/NEW,https://www.itinstock.com/products/new-cpi-zetaframe-45u-server-rack-cabinet-enclosure-600w-x-1200d-tsz1535987
www.itinstock.com,GBP,Cisco C9400-LC-48P Catalyst 9400 Series 48x 1G Base-T RJ45 Switch Line Card,C9400-LC-48P,760.0,C9400-LC-48P/REF,https://www.itinstock.com/products/cisco-c9400-lc-48p-catalyst-9400-series-48x-1g-base-t-rj45-switch-line-card
www.itinstock.com,GBP,"New Dell 800GB SAS 24G Enterprise Class Mixed Use 2.5"" SSD 3CHC8 MZ-ILG8000",MZ-ILG8000,760.0,3CHC8/NEW,https://www.itinstock.com/products/new-dell-800gb-sas-24g-enterprise-class-mixed-use-2-5-ssd-3chc8-mz-ilg8000
www.itinstock.com,GBP,Arista Metamako FAN-7130-1U-R 7130 Series 1U Rear-to-Front Airflow Fan Module,FAN-7130-1U-R,760.0,FAN-7130-1U-R/REF,https://www.itinstock.com/products/arista-metamako-fan-7130-1u-r-7130-series-1u-rear-to-front-airflow-fan-module
www.itinstock.com,GBP,New HPE P9K04A 22U 600mm 1075mm G2 Kit Advanced Pallet Rack Cabinet 863286-001,P9K04A,760.0,P9K04A/NEW,https://www.itinstock.com/products/new-hpe-p9k04a-22u-600mm-1075mm-g2-kit-advanced-pallet-rack-cabinet-863286-001
www.itinstock.com,GBP,Fujitsu DX S3 S4 MLC SSD SAS 3.84TB 12G 3.5 CA07670-E236 10602115739 38049310,CA07670-E236,760.0,CA07670-E236/REF,https://www.itinstock.com/products/fujitsu-dx-s3-s4-mlc-ssd-sas-3-84tb-12g-3-5-ca07670-e236-10602115739-38049311
www.tier1online.com,USD,"Dell Latitude 5450 Intel Core Ultra 5 135U [12-Core] 14"" FHD IPS HDMI USB-C IR CAM 16GB DDR5 512GB NVMe Refurbished",12-CORE,749.0,292-Latitude-5450-B,https://www.tier1online.com/products/dell-latitude-5450-intel-core-ultra-5-135u-14-16gb-ddr5-512gb-nvme-grade-b
www.itinstock.com,GBP,Intel Xeon Platinum 8370C 32-Core 2.80GHz LGA4189 Server CPU Processor SRKHC,32-CORE,741.0,SRKHC/REF,https://www.itinstock.com/products/intel-xeon-platinum-8370c-32-core-2-80ghz-lga4189-server-cpu-processor-srkhc
www.itinstock.com,GBP,Intel Xeon Silver 4314 16-Core 2.40GHz LGA4189 24MB CPU Processor SRKXL,16-CORE,731.5,SRKXL/REF,https://www.itinstock.com/products/intel-xeon-silver-4314-16-core-2-40ghz-lga4189-24mb-cpu-processor-srkxl
www.itinstock.com,GBP,NEW Juniper RE-S-X6-64G Routing Engine 6-Core 2.0GHz with 64G RAM RE-S-X6-64G-S,RE-S-X6-64G,731.5,RE-S-X6-64G-S/NEW,https://www.itinstock.com/products/new-juniper-re-s-x6-64g-routing-engine-6-core-2-0ghz-with-64g-ram-re-s-x6-64g-s
www.itinstock.com,GBP,HPE P9K08A 42U 600mm 1075mm G2 Kitted Advanced Shock Rack Server Cabinet,P9K08A,731.5,P9K08A/REF,https://www.itinstock.com/products/hpe-p9k08a-42u-600mm-1075mm-g2-kitted-advanced-shock-rack-server-cabinet
www.tier1online.com,USD,Dell Latitude 7440 i7-1365U [10-Core] 3.90GHz FHD+ (1920x1200) HDMI USB-C 16GB DDR5 256GB NVMe Refurbished,I7-1365U,719.0,292-Latitude-7440-i7-B,https://www.tier1online.com/products/dell-latitude-7440-i7-1365u-3-90ghz-fhd-16gb-256gb-nvme-grade-b
www.itinstock.com,GBP,"NEW Synology RS820RP+ RackStation 4x 3.5"" LFF 2x PSU 1U Network Attached Storage",RS820RP,712.5,RS820RP+/NOB,https://www.itinstock.com/products/new-synology-rs820rp-rackstation-4x-3-5-lff-2x-psu-1u-network-attached-storage
www.itinstock.com,GBP,New Fujitsu Nvidia A2 16GB GDDR6 200G PCIe Gen4 HH GPU Accelerator PY-VG4A8L,PY-VG4A8L,712.5,PY-VG4A8L/NEW,https://www.itinstock.com/products/new-fujitsu-nvidia-a2-16gb-gddr6-200g-pcie-gen4-hh-gpu-accelerator-py-vg4a8l
www.itinstock.com,GBP,Cisco Catalyst C9200-48P-E 48x 1GbE RJ45 PoE+ Managed Switch Network Essentials,C9200-48P-E,712.5,C9200-48P-E-1/REF,https://www.itinstock.com/products/cisco-catalyst-c9200-48p-e-48x-1gbe-rj45-poe-managed-switch-network-essentials
www.itinstock.com,GBP,Lenovo 55949BX 8kVA/11kVA 3U Rack Tower Extended Battery Module EBM for UPS,55949BX,712.5,55949BX-1/REF,https://www.itinstock.com/products/lenovo-55949bx-8kva-11kva-3u-rack-tower-extended-battery-module-ebm-for-ups-1
www.itinstock.com,GBP,HP 642 G3 Rack 42U 600mm x 1075mm Enterprise Server Cabinet Enclosure BW904A,1075MM,712.5,BW904A/REF,https://www.itinstock.com/products/hp-642-g3-rack-42u-600mm-x-1075mm-enterprise-server-cabinet-enclosure-bw904a
www.itinstock.com,GBP,Juniper QFX10000-RE Routing Engine For QFX10008 QFX10016 Chassis,QFX10000-RE,712.5,QFX10000-RE/REF,https://www.itinstock.com/products/juniper-qfx10000-re-routing-engine-for-qfx10008-qfx10016-chassis
www.serverpartdeals.com,USD,Western Digital Ultrastar DC HC580 WUH722422AL5204 0F62791 22TB 7.2K RPM SAS 12Gb/s 512e 512MB 3.5in Refurbished HDD,WUH722422AL5204,689.0,WUH722422AL5204-0F62791_SR,https://www.serverpartdeals.com/products/western-digital-ultrastar-dc-hc580-wuh722422al5204-0f62791-22tb-7-2k-rpm-sas-12gb-s-512e-512mb-3-5-refurbished-hdd
www.tier1online.com,USD,Dell Tower ECT1250 Intel Core i5-14400 [10-Core] 3.50GHz HDMI USB-C 16GB DDR5 1TB NVMe Refurbished,ECT1250,679.0,292-Dell-Tower-ECT1250,https://www.tier1online.com/products/dell-tower-ect1250-i5-14400-10-core-16gb-ddr5-1tb-nvme
www.serverpartdeals.com,USD,Seagate Nytro 3350 XS3840SE70055 3.84TB 1 DWPD SAS 12Gb/s 3D eTLC 2.5in IBM SSD,XS3840SE70055,669.0,XS3840SE70055-IBM_NB,https://www.serverpartdeals.com/products/seagate-nytro-3350-xs3840se70055-3-84tb-1-dwpd-sas-12gb-s-3d-etlc-2-5in-ibm-ssd
www.itinstock.com,GBP,Cisco Nexus N9K-C93108TC-FX 48x 10G RJ45 6x 100G QSFP28 1U B2F Managed Switch,N9K-C93108TC-FX,665.0,N9K-C93108TC-FX/REF,https://www.itinstock.com/products/cisco-nexus-n9k-c93108tc-fx-48x-10g-rj45-6x-100g-qsfp28-1u-b2f-managed-switch
www.itinstock.com,GBP,Fujitsu LPe32002 Dual 32Gb/s Fibre Channel Controller MMF LC PCIe 2 x SFP,LPE32002,665.0,A3C40201684/REF,https://www.itinstock.com/products/fujitsu-lpe32002-dual-32gb-s-fibre-channel-controller-mmf-lc-pcie-2-x-sfp
www.itinstock.com,GBP,NEW Dell PowerEdge 17th Gen 1500W 80 Plus Titanium Power Supply PSU GRD17 0GRD17,0GRD17,665.0,GRD17/NEW,https://www.itinstock.com/products/new-dell-poweredge-17th-gen-1500w-80-plus-titanium-power-supply-psu-grd17-0grd17
www.itinstock.com,GBP,Dell PowerVault MD3620f Storage Array 24-Bay With 8G FC Controller 2x PSU,MD3620F,665.0,MD3620F-24SFF-SC/REF,https://www.itinstock.com/products/dell-powervault-md3620f-storage-array-24-bay-with-8g-fc-controller-2x-psu
www.itinstock.com,GBP,"Dell 3.84TB SATA 6G Read Intensive Enterprise PM883a Series 2.5"" SSD 5TVXD",PM883A,665.0,5TVXD/REF,https://www.itinstock.com/products/dell-3-84tb-sata-6g-read-intensive-enterprise-pm883a-series-2-5-ssd-5tvxd
www.itinstock.com,GBP,Intel SRKHM Xeon Gold 6330 28-Core 2.0GHz 205W TDP 42MB LGA4189 CPU Processor,28-CORE,655.5,SRKHM/REF,https://www.itinstock.com/products/intel-srkhm-xeon-gold-6330-28-core-2-0ghz-205w-tdp-42mb-lga4189-cpu-processor
www.itinstock.com,GBP,Cisco Catalyst C9400-SUP-1XL Supervisor Module 8x 10GE SFP+ + 2x 40GE QSFP+ Port,C9400-SUP-1XL,655.5,C9400-SUP-1XL/REF,https://www.itinstock.com/products/cisco-catalyst-c9400-sup-1xl-supervisor-module-8x-10ge-sfp-2x-40ge-qsfp-port-1
www.itinstock.com,GBP,Juniper QFX10000-30C 30x 40GbE QSFP+/30x 100GbE QSFP28/96x 10GbE QSFP+ Line Card,QFX10000-30C,636.5,QFX10000-30C/REF,https://www.itinstock.com/products/juniper-qfx10000-30c-30x-40gbe-qsfp-30x-100gbe-qsfp28-96x-10gbe-qsfp-line-card
www.tier1online.com,USD,"HP EliteBook 840 G10 i5-1335U [10-Core] 3.40GHz 14"" WUXGA (1920x1200) IPS HDMI USB-C 16GB DDR5 256GB NVMe Refurbished",I5-1335U,629.0,1-HP-840-G10-i5-B,https://www.tier1online.com/products/hp-elitebook-1040-g10-i5-1335u-10-core-3-90ghz-14-wuxga-16gb-ddr5-256gb-grade-b
www.itinstock.com,GBP,New Dell 960GB PCIe 4.0 NVMe ISE 512e TLC RI M.2 SSD 4H05X HFS960GEJ8X167N,HFS960GEJ8X167N,617.5,4H05X/NEW,https://www.itinstock.com/products/new-dell-960gb-pcie-4-0-nvme-ise-512e-tlc-ri-m-2-ssd-4h05x-hfs960gej8x167n-2
www.itinstock.com,GBP,"Supermicro CSE-847 X10DRi-T4+ Xeon E5-2600v3/v4 36 x 3.5"" Bay 4U Storage Server",CSE-847,617.5,CSE-847-36LFF/REF,https://www.itinstock.com/products/supermicro-cse-847-x10dri-t4-xeon-e5-2600v3-v4-36-x-3-5-bay-4u-storage-server
www.itinstock.com,GBP,"Dell Compellent 3.84TB 12G SAS RI TLC 2.5"" SSD MZ-ILS3T8B 4NMJF 04NMJF In Caddy",MZ-ILS3T8B,617.5,4NMJF-CL/REF,https://www.itinstock.com/products/dell-compellent-3-84tb-12g-sas-ri-tlc-2-5-ssd-mz-ils3t8b-4nmjf-04nmjf-in-caddy-1
www.itinstock.com,GBP,IBM TS3200 48-Slot 4U Tape Library 3573-L4U Up to 4 Drives *No Drives Installed*,TS3200,617.5,3573-L4U/REF,https://www.itinstock.com/products/ibm-ts3200-48-slot-4u-tape-library-3573-l4u-up-to-4-drives-no-drives-installed-1
www.itinstock.com,GBP,HPE P9K10A 42U 600mm x 1200mm G2 Kitted Advanced Shock Rack Cabinet - NO SIDES,P9K10A,612.75,P9K10A-NOSIDES/REF,https://www.itinstock.com/products/hpe-p9k10a-42u-600mm-x-1200mm-g2-kitted-advanced-shock-rack-cabinet-no-sides
www.itinstock.com,GBP,Fujitsu FC 4G2P DX60 RAID Controller Module Unit For Eternus DX60 - CA07145-C621,CA07145-C621,598.5,CA07145-C621/REF,https://www.itinstock.com/products/fujitsu-fc-4g2p-dx60-raid-controller-module-unit-for-eternus-dx60-ca07145-c621
