domain,region,brand_core,marketplace,present,brand_in_titles,identity_tier,identity_evidence,handles,rejected_handles,listings,categories,errors,sample_title,notes
www.allbirds.com,US,allbirds,EBAY_US,dormant,no,not_testable,,allbirds,,0,,,,
www.allbirds.co.uk,GB,allbirds,EBAY_GB,dormant,no,not_testable,,allbirds,,0,,,,
www.allbirds.eu,EU,allbirds,EBAY_DE,dormant,no,not_testable,,allbirds,,0,,,,
www.allbirds.ca,CA,allbirds,EBAY_CA,dormant,no,not_testable,,allbirds,,0,,,,
kith.com,US,kith,EBAY_US,dormant,no,not_testable,,kith|kithuk|kithshop|kithstore,,0,,,,
www.deathwishcoffee.com,US,deathwishcoffee,EBAY_US,dormant,no,not_testable,,deathwishcoffee,,0,,,,
www.beardbrand.com,US,beardbrand,EBAY_US,not_detected,no,not_testable,,,,0,,,,
drinkolipop.com,US,drinkolipop,EBAY_US,not_detected,no,not_testable,,,,0,,,,
www.redbullshopus.com,US,redbullshopus,EBAY_US,not_detected,no,not_testable,,,,0,,,,
www.tinywoodstove.com,US,tinywoodstove,EBAY_US,not_detected,no,not_testable,,,,0,,,,
gymshark.com,US,gymshark,EBAY_US,candidate_active,yes,legal_info_unavailable,no legal block on any sampled listing (US marketplace),gymshark|gymshark-store,hidie_gymshark(contains),64,Clothing/Shoes:1;Clothing/Shoes:63,,Gymshark Onyx V5 Midnight Long Sleeve,
www.taylorstitch.com,US,taylorstitch,EBAY_US,dormant,no,not_testable,,taylorstitch,,0,,,,
www.brooklinen.com,US,brooklinen,EBAY_US,not_detected,no,not_testable,,,,0,,,,
www.tentree.com,US,tentree,EBAY_US,dormant,no,not_testable,,tentree,,0,,,,
www.vessi.com,US,vessi,EBAY_US,not_detected,no,not_testable,,,,0,,,,
www.colourpop.com,US,colourpop,EBAY_US,dormant,no,not_testable,,colourpop|colourpopshop,,0,,,,
jeffreestarcosmetics.com,US,jeffreestarcosmetics,EBAY_US,not_detected,no,not_testable,,,,0,,,,
www.culturekings.com,US,culturekings,EBAY_US,dormant,no,not_testable,,culturekings|culturekingsofficial,,0,,,,
www.ridgewallet.com,US,ridgewallet,EBAY_US,dormant,no,not_testable,,ridgewallet,,0,,,,
www.rhoback.com,US,rhoback,EBAY_US,not_detected,no,not_testable,,,,0,,,,
www.stanley1913.com,US,stanley1913,EBAY_US,dormant,no,not_testable,,stanley1913,,0,,,,
uk.stanley1913.com,GB,stanley1913,EBAY_GB,dormant,no,not_testable,,stanley1913,,0,,,,
www.aloyoga.com,US,aloyoga,EBAY_US,dormant,no,not_testable,,aloyoga,,0,,,,
peakdesign.com,US,peakdesign,EBAY_US,dormant,no,not_testable,,peakdesign,,0,,,,
satechi.net,US,satechi,EBAY_US,dormant,no,not_testable,,satechi,,0,,,,
twelvesouth.com,US,twelvesouth,EBAY_US,not_detected,no,not_testable,,,,0,,,,
nativeunion.com,US,nativeunion,EBAY_US,dormant,no,not_testable,,nativeunion,,0,,,,
fromourplace.com,US,fromourplace,EBAY_US,dormant,no,not_testable,,fromourplace,,0,,,,
fellowproducts.com,US,fellowproducts,EBAY_US,not_detected,no,not_testable,,,,0,,,,
simplemodern.com,US,simplemodern,EBAY_US,dormant,no,not_testable,,simplemodernshop,,0,,,,
brumate.com,US,brumate,EBAY_US,dormant,no,not_testable,,brumate,,0,,,,
bioliteenergy.com,US,bioliteenergy,EBAY_US,not_detected,no,not_testable,,,,0,,,,
thejamesbrand.com,US,thejamesbrand,EBAY_US,dormant,no,not_testable,,thejamesbrand,,0,,,,
gerbergear.com,US,gerbergear,EBAY_US,dormant,no,not_testable,,gerbergear,,0,,,,
gsioutdoors.com,US,gsioutdoors,EBAY_US,not_detected,no,not_testable,,,,0,,,,
goalzero.com,US,goalzero,EBAY_US,dormant,no,not_testable,,goalzero,,0,,,,
fromourplace.co.uk,GB,fromourplace,EBAY_GB,candidate_active,no,legal_info_unavailable,no legal block on the sampled listing,fromourplace,,1,Home & Garden:1,,,
twelvesouth.co.uk,GB,twelvesouth,EBAY_GB,not_detected,no,not_testable,,,,0,,,,
satechi.co.uk,GB,satechi,EBAY_GB,dormant,no,not_testable,,satechi,,0,,,,
goalzero.co.uk,GB,goalzero,EBAY_GB,dormant,no,not_testable,,goalzero,,0,,,,
brumate.co.uk,GB,brumate,EBAY_GB,dormant,no,not_testable,,brumate,,0,,,,
quadlockcase.com,US,quadlockcase,EBAY_US,not_detected,no,not_testable,,,,0,,,,
rokform.com,US,rokform,EBAY_US,candidate_active,yes,legal_info_unavailable,no legal block on any of 5 sampled listings (US marketplace),rokform,,148,Clothing/Shoes:1;Computers/Networking:1;Consumer Electronics:2;Mobile/Comms:140;Sporting Goods:4,,Rokform G-ROK Wireless Portable Bluetooth Golf Speaker Magnetic IPX7 Waterproof,
adamspolishes.com,US,adamspolishes,EBAY_US,dormant,no,not_testable,,adamspolishes,,0,,,,
chemicalguys.com,US,chemicalguys,EBAY_US,dormant,no,not_testable,,chemicalguys|chemicalguysuk,,0,,,,
thinkcrucial.com,US,thinkcrucial,EBAY_US,not_detected,no,not_testable,,,,0,,,,
kenu.com,US,kenu,EBAY_US,dormant,no,not_testable,,kenushop|kenustore,,0,,,,
nitecorestore.com,US,nitecorestore,EBAY_US,not_detected,no,not_testable,,,,0,,,,
fenix-store.com,US,fenix-store,EBAY_US,dormant,no,not_testable,,fenix-store,,0,,,,
cotopaxi.com,US,cotopaxi,EBAY_US,not_detected,no,not_testable,,,,0,,,,
ember.com,US,ember,EBAY_US,dormant,no,not_testable,,ember|emberus|emberuk|ember-uk|embershop|emberstore|ember-shop,,0,,,,
wandp.com,US,wandp,EBAY_US,not_detected,no,not_testable,,,,0,,,,
klymit.com,US,klymit,EBAY_US,dormant,no,not_testable,,klymit,,0,,,,
hexclad.com,US,hexclad,EBAY_US,dormant,no,not_testable,,hexclad,,0,,0,,
skullcandy.com,US,skullcandy,EBAY_US,dormant,no,not_testable,,skullcandy,,0,,0,,
jlab.com,US,jlab,EBAY_US,dormant,no,not_testable,,jlab,,0,,0,,
rumpl.com,US,rumpl,EBAY_US,not_detected,no,not_testable,,,,0,,0,,
thehouseofmarley.com,US,thehouseofmarley,EBAY_US,not_detected,no,not_testable,,,,0,,0,,
umbra.com,US,umbra,EBAY_US,dormant,no,not_testable,,umbra|umbrauk|umbrashop|umbrastore|umbratronix,,0,,0,,
misen.com,US,misen,EBAY_US,not_detected,no,not_testable,,,,0,,0,,
case-mate.com,US,case-mate,EBAY_US,candidate_active,yes,legal_info_unavailable,"legal_info_unavailable: no legal block on any of 5 sampled listings -- no resolving power here, NOT evidence against ownership",case-mate|case-mate_inc,,185,Cameras & Photo:4;Consumer Electronics:3;Home & Garden:1;Mobile/Comms:177,0,Case-Mate Apple Airpods 3rd Gen Tough Case,
corkcicle.com,US,corkcicle,EBAY_US,not_detected,no,not_testable,,,,0,,0,,
ugmonk.com,US,ugmonk,EBAY_US,not_detected,no,not_testable,,,,0,,0,,
status.co,US,status,EBAY_US,dormant,no,not_testable,,status|statusuk|status-uk|status-us|statusshop|statusofficial,,0,,0,,
chromeindustries.com,US,chromeindustries,EBAY_US,dormant,no,not_testable,,chromeindustries,,0,,0,,
hypershop.com,US,hypershop,EBAY_US,dormant,no,not_testable,,hypershop|hypershopofficial,,0,,0,,
moft.us,US,moft,EBAY_US,dormant,no,not_testable,,moftshop,,0,,0,,
materialkitchen.com,US,materialkitchen,EBAY_US,not_detected,no,not_testable,,,,0,,0,,
distilunion.com,US,distilunion,EBAY_US,dormant,no,not_testable,,distilunion,,0,,0,,
shopbala.com,US,shopbala,EBAY_US,not_detected,no,not_testable,,,,0,,0,,
www.itinstock.com,GB,itinstock,EBAY_GB,confirmed_active,no,email_domain,email_domain: legal contact email ebay@itinstock.com is at the source's own domain,itinstock,,18842,Business/Industrial:268;Computers/Networking:18459;Consumer Electronics:70;Home & Garden:6;Mobile/Comms:39,0,,
www.serverpartdeals.com,US,serverpartdeals,EBAY_US,candidate_active,no,legal_info_unavailable,"legal_info_unavailable: no legal block on any of 5 sampled listings -- no resolving power here, NOT evidence against ownership",serverpartdeals,,786,Business/Industrial:1;Computers/Networking:784;Consumer Electronics:1,0,,
www.tier1online.com,GB,tier1online,EBAY_GB,not_detected,no,not_testable,,,,0,,0,,
reboxed.co.uk,GB,reboxed,EBAY_GB,candidate_active,yes,domain_only_no_match,source publishes no identifiers; only email domain testable and it did not match,reboxed|reboxedstore|reboxedco,,2,Mobile/Comms:2,0,Reboxed Eco Case for iPhone 11 Pro Max,
