audited_at,row_scope,domain,group,region,category,products_requested,products_succeeded,products_failed,variants_total,variants_with_sku,sku_coverage_pct,variants_with_barcode,variants_with_valid_gtin,gtin_coverage_pct,invalid_barcodes,unique_valid_gtins,gtin_collision_groups,gtin_collision_variant_rate_pct,variants_with_brand,brand_coverage_pct,variants_with_price,price_coverage_pct,variants_with_inventory_state,inventory_coverage_pct,variants_with_explicit_mpn,mpn_coverage_pct,variants_with_exact_source_identity,source_identity_coverage_pct,deterministic_identity_coverage_pct,ebay_gtins_attempted,ebay_gtins_query_resolved,ebay_query_resolution_rate_pct,ebay_gtins_exact_confirmed,ebay_exact_confirmation_rate_pct,ebay_gtins_coherent,ebay_coherence_rate_pct,ebay_gtins_usable_market,ebay_usable_market_rate_pct,ebay_active_count_median,ebay_active_count_p25,ebay_active_count_p75,ebay_exact_price_median
2026-08-24T08:31:34Z,store_total,case-mate.com,clearance,US,,5,5,0,5,5,100.00,5,5,100.00,0,5,0,0.00,5,100.00,5,100.00,5,100.00,0,0.00,5,100.00,100.00,0,0,0.00,0,0.00,0,0.00,0,0.00,,,,
2026-08-24T08:31:34Z,store_total,chromeindustries.com,holdout,US,,5,5,0,13,13,100.00,13,13,100.00,0,13,0,0.00,13,100.00,13,100.00,13,100.00,0,0.00,13,100.00,100.00,0,0,0.00,0,0.00,0,0.00,0,0.00,,,,
2026-08-24T08:31:34Z,store_total,corkcicle.com,holdout,US,,5,5,0,7,7,100.00,7,7,100.00,0,7,0,0.00,7,100.00,7,100.00,7,100.00,0,0.00,7,100.00,100.00,0,0,0.00,0,0.00,0,0.00,0,0.00,,,,
2026-08-24T08:31:34Z,store_total,cotopaxi.com,clearance,US,,5,5,0,30,30,100.00,30,30,100.00,0,30,0,0.00,30,100.00,30,100.00,30,100.00,0,0.00,30,100.00,100.00,0,0,0.00,0,0.00,0,0.00,0,0.00,,,,
2026-08-24T08:31:34Z,store_total,fenix-store.com,fitment,US,,5,5,0,5,5,100.00,5,5,100.00,0,5,0,0.00,5,100.00,5,100.00,5,100.00,0,0.00,5,100.00,100.00,0,0,0.00,0,0.00,0,0.00,0,0.00,,,,
2026-08-24T08:31:34Z,store_total,gymshark.com,gymshark,US,,5,5,0,23,23,100.00,23,23,100.00,0,23,0,0.00,23,100.00,23,100.00,23,100.00,0,0.00,23,100.00,100.00,0,0,0.00,0,0.00,0,0.00,0,0.00,,,,
2026-08-24T08:31:34Z,store_total,klymit.com,clearance,US,,5,3,2,3,3,100.00,3,3,100.00,0,3,0,0.00,3,100.00,3,100.00,3,100.00,0,0.00,3,100.00,100.00,0,0,0.00,0,0.00,0,0.00,0,0.00,,,,
2026-08-24T08:31:34Z,store_total,nativeunion.com,hardgoods,US,,5,5,0,13,13,100.00,13,13,100.00,0,13,0,0.00,13,100.00,13,100.00,13,100.00,0,0.00,13,100.00,100.00,0,0,0.00,0,0.00,0,0.00,0,0.00,,,,
2026-08-24T08:31:34Z,store_total,quadlockcase.com,fitment,US,,5,5,0,6,6,100.00,6,6,100.00,0,6,0,0.00,6,100.00,6,100.00,6,100.00,0,0.00,6,100.00,100.00,0,0,0.00,0,0.00,0,0.00,0,0.00,,,,
2026-08-24T08:31:34Z,store_total,rumpl.com,clearance,US,,5,5,0,5,5,100.00,5,5,100.00,0,5,0,0.00,5,100.00,5,100.00,5,100.00,0,0.00,5,100.00,100.00,0,0,0.00,0,0.00,0,0.00,0,0.00,,,,
2026-08-24T08:31:34Z,store_total,satechi.net,hardgoods,US,,5,5,0,12,12,100.00,12,12,100.00,0,12,0,0.00,12,100.00,12,100.00,12,100.00,0,0.00,12,100.00,100.00,0,0,0.00,0,0.00,0,0.00,0,0.00,,,,
2026-08-24T08:31:34Z,store_total,simplemodern.com,hardgoods,US,,5,5,0,5,5,100.00,5,5,100.00,0,5,0,0.00,5,100.00,5,100.00,5,100.00,0,0.00,5,100.00,100.00,0,0,0.00,0,0.00,0,0.00,0,0.00,,,,
2026-08-24T08:31:34Z,store_total,thehouseofmarley.com,clearance,US,,5,5,0,12,12,100.00,12,12,100.00,0,12,0,0.00,12,100.00,12,100.00,12,100.00,0,0.00,12,100.00,100.00,0,0,0.00,0,0.00,0,0.00,0,0.00,,,,
2026-08-24T08:31:34Z,store_total,thejamesbrand.com,hardgoods,US,,5,5,0,13,13,100.00,13,13,100.00,0,13,0,0.00,13,100.00,13,100.00,13,100.00,0,0.00,13,100.00,100.00,0,0,0.00,0,0.00,0,0.00,0,0.00,,,,
2026-08-24T08:31:34Z,store_total,thinkcrucial.com,fitment,US,,5,5,0,13,13,100.00,13,13,100.00,0,13,0,0.00,13,100.00,13,100.00,13,100.00,0,0.00,13,100.00,100.00,0,0,0.00,0,0.00,0,0.00,0,0.00,,,,
2026-08-24T08:31:34Z,store_total,twelvesouth.co.uk,hardgoods,GB,,5,5,0,17,17,100.00,17,17,100.00,0,17,0,0.00,17,100.00,17,100.00,17,100.00,0,0.00,17,100.00,100.00,0,0,0.00,0,0.00,0,0.00,0,0.00,,,,
2026-08-24T08:31:34Z,store_total,uk.stanley1913.com,stanley,GB,,5,5,0,14,14,100.00,14,14,100.00,0,14,0,0.00,14,100.00,14,100.00,14,100.00,0,0.00,14,100.00,100.00,0,0,0.00,0,0.00,0,0.00,0,0.00,,,,
2026-08-24T08:31:34Z,store_total,www.allbirds.ca,allbirds,CA,,5,5,0,55,55,100.00,55,55,100.00,0,55,0,0.00,55,100.00,55,100.00,55,100.00,0,0.00,55,100.00,100.00,0,0,0.00,0,0.00,0,0.00,0,0.00,,,,
2026-08-24T08:31:34Z,store_total,www.allbirds.co.uk,allbirds,GB,,5,5,0,53,53,100.00,53,53,100.00,0,53,0,0.00,53,100.00,53,100.00,53,100.00,0,0.00,53,100.00,100.00,0,0,0.00,0,0.00,0,0.00,0,0.00,,,,
2026-08-24T08:31:34Z,store_total,www.allbirds.com,allbirds,US,,5,5,0,61,61,100.00,61,61,100.00,0,61,0,0.00,61,100.00,61,100.00,61,100.00,0,0.00,61,100.00,100.00,0,0,0.00,0,0.00,0,0.00,0,0.00,,,,
2026-08-24T08:31:34Z,store_total,www.allbirds.eu,allbirds,EU,,5,5,0,56,56,100.00,56,56,100.00,0,56,0,0.00,56,100.00,56,100.00,56,100.00,0,0.00,56,100.00,100.00,0,0,0.00,0,0.00,0,0.00,0,0.00,,,,
2026-08-24T08:31:34Z,store_total,www.aloyoga.com,,US,,5,5,0,25,25,100.00,25,25,100.00,0,25,0,0.00,25,100.00,25,100.00,25,100.00,0,0.00,25,100.00,100.00,0,0,0.00,0,0.00,0,0.00,0,0.00,,,,
2026-08-24T08:31:34Z,store_total,www.beardbrand.com,,US,,5,5,0,5,5,100.00,5,5,100.00,0,5,0,0.00,5,100.00,5,100.00,5,100.00,0,0.00,5,100.00,100.00,0,0,0.00,0,0.00,0,0.00,0,0.00,,,,
2026-08-24T08:31:34Z,store_total,www.culturekings.com,,US,,5,5,0,21,21,100.00,21,21,100.00,0,21,0,0.00,21,100.00,21,100.00,21,100.00,0,0.00,21,100.00,100.00,0,0,0.00,0,0.00,0,0.00,0,0.00,,,,
2026-08-24T08:31:34Z,store_total,www.stanley1913.com,stanley,US,,5,5,0,30,30,100.00,30,30,100.00,0,30,0,0.00,30,100.00,30,100.00,30,100.00,0,0.00,30,100.00,100.00,0,0,0.00,0,0.00,0,0.00,0,0.00,,,,
2026-08-24T08:31:34Z,store_total,www.taylorstitch.com,,US,,5,5,0,30,30,100.00,30,30,100.00,0,30,0,0.00,30,100.00,30,100.00,30,100.00,0,0.00,30,100.00,100.00,0,0,0.00,0,0.00,0,0.00,0,0.00,,,,
2026-08-24T08:31:34Z,store_total,www.tentree.com,,US,,5,5,0,17,17,100.00,17,17,100.00,0,17,0,0.00,17,100.00,17,100.00,17,100.00,0,0.00,17,100.00,100.00,0,0,0.00,0,0.00,0,0.00,0,0.00,,,,
2026-08-24T08:31:34Z,store_total,www.vessi.com,,US,,5,5,0,47,47,100.00,47,47,100.00,0,47,0,0.00,47,100.00,47,100.00,47,100.00,0,0.00,47,100.00,100.00,0,0,0.00,0,0.00,0,0.00,0,0.00,,,,
2026-08-24T08:31:34Z,store_total,fellowproducts.com,hardgoods,US,,5,5,0,26,26,100.00,25,25,96.15,0,25,0,0.00,26,100.00,26,100.00,26,100.00,0,0.00,25,96.15,96.15,0,0,0.00,0,0.00,0,0.00,0,0.00,,,,
2026-08-24T08:31:34Z,store_total,brumate.co.uk,hardgoods,GB,,5,5,0,25,25,100.00,25,24,96.00,1,24,0,0.00,25,100.00,25,100.00,25,100.00,0,0.00,24,96.00,96.00,0,0,0.00,0,0.00,0,0.00,0,0.00,,,,
2026-08-24T08:31:34Z,store_total,misen.com,clearance,US,,5,5,0,13,13,100.00,13,12,92.31,1,12,0,0.00,13,100.00,13,100.00,13,100.00,0,0.00,12,92.31,92.31,0,0,0.00,0,0.00,0,0.00,0,0.00,,,,
2026-08-24T08:31:34Z,store_total,materialkitchen.com,holdout,US,,5,5,0,10,10,100.00,9,9,90.00,0,9,0,0.00,10,100.00,10,100.00,10,100.00,0,0.00,9,90.00,90.00,0,0,0.00,0,0.00,0,0.00,0,0.00,,,,
2026-08-24T08:31:34Z,store_total,bioliteenergy.com,hardgoods,US,,5,5,0,9,9,100.00,8,8,88.89,0,8,0,0.00,9,100.00,9,100.00,9,100.00,0,0.00,8,88.89,88.89,0,0,0.00,0,0.00,0,0.00,0,0.00,,,,
2026-08-24T08:31:34Z,store_total,hypershop.com,holdout,US,,5,5,0,8,8,100.00,7,7,87.50,0,7,0,0.00,8,100.00,8,100.00,8,100.00,0,0.00,7,87.50,87.50,0,0,0.00,0,0.00,0,0.00,0,0.00,,,,
2026-08-24T08:31:34Z,store_total,umbra.com,clearance,US,,5,5,0,7,7,100.00,6,6,85.71,0,6,0,0.00,7,100.00,7,100.00,7,100.00,0,0.00,6,85.71,85.71,0,0,0.00,0,0.00,0,0.00,0,0.00,,,,
2026-08-24T08:31:34Z,store_total,fromourplace.co.uk,hardgoods,GB,,5,5,0,19,19,100.00,16,16,84.21,0,16,0,0.00,19,100.00,19,100.00,19,100.00,0,0.00,16,84.21,84.21,0,0,0.00,0,0.00,0,0.00,0,0.00,,,,
2026-08-24T08:31:34Z,store_total,chemicalguys.com,fitment,US,,5,5,0,5,5,100.00,4,4,80.00,0,4,0,0.00,5,100.00,5,100.00,5,100.00,0,0.00,4,80.00,80.00,0,0,0.00,0,0.00,0,0.00,0,0.00,,,,
2026-08-24T08:31:34Z,store_total,goalzero.com,hardgoods,US,,5,5,0,5,5,100.00,4,4,80.00,0,4,0,0.00,5,100.00,5,100.00,5,100.00,0,0.00,4,80.00,80.00,0,0,0.00,0,0.00,0,0.00,0,0.00,,,,
2026-08-24T08:31:34Z,store_total,jlab.com,clearance,US,,5,5,0,5,4,80.00,4,4,80.00,0,4,0,0.00,5,100.00,5,100.00,5,100.00,0,0.00,4,80.00,80.00,0,0,0.00,0,0.00,0,0.00,0,0.00,,,,
2026-08-24T08:31:34Z,store_total,rokform.com,fitment,US,,5,5,0,5,5,100.00,4,4,80.00,0,4,0,0.00,5,100.00,5,100.00,5,100.00,0,0.00,4,80.00,80.00,0,0,0.00,0,0.00,0,0.00,0,0.00,,,,
2026-08-24T08:31:34Z,store_total,gsioutdoors.com,hardgoods,US,,5,5,0,7,7,100.00,5,5,71.43,0,5,0,0.00,7,100.00,7,100.00,7,100.00,0,0.00,5,71.43,71.43,0,0,0.00,0,0.00,0,0.00,0,0.00,,,,
2026-08-24T08:31:34Z,store_total,twelvesouth.com,hardgoods,US,,5,5,0,11,11,100.00,7,7,63.64,0,7,0,0.00,11,100.00,11,100.00,11,100.00,0,0.00,7,63.64,63.64,0,0,0.00,0,0.00,0,0.00,0,0.00,,,,
2026-08-24T08:31:34Z,store_total,wandp.com,clearance,US,,5,5,0,8,8,100.00,5,5,62.50,0,5,0,0.00,8,100.00,8,100.00,8,100.00,0,0.00,5,62.50,62.50,0,0,0.00,0,0.00,0,0.00,0,0.00,,,,
2026-08-24T08:31:34Z,store_total,kenu.com,fitment,US,,5,5,0,5,5,100.00,3,3,60.00,0,3,0,0.00,5,100.00,5,100.00,5,100.00,0,0.00,3,60.00,60.00,0,0,0.00,0,0.00,0,0.00,0,0.00,,,,
2026-08-24T08:31:34Z,store_total,fromourplace.com,hardgoods,US,,5,5,0,16,16,100.00,7,7,43.75,0,7,0,0.00,16,100.00,16,100.00,16,100.00,0,0.00,7,43.75,43.75,0,0,0.00,0,0.00,0,0.00,0,0.00,,,,
2026-08-24T08:31:34Z,store_total,kith.com,kith,US,,5,5,0,72,72,100.00,72,30,41.67,42,30,0,0.00,72,100.00,72,100.00,72,100.00,0,0.00,30,41.67,41.67,0,0,0.00,0,0.00,0,0.00,0,0.00,,,,
2026-08-24T08:31:34Z,store_total,jeffreestarcosmetics.com,,US,,5,5,0,5,2,40.00,2,2,40.00,0,2,0,0.00,5,100.00,5,100.00,5,100.00,0,0.00,2,40.00,40.00,0,0,0.00,0,0.00,0,0.00,0,0.00,,,,
2026-08-24T08:31:34Z,store_total,nitecorestore.com,fitment,US,,5,5,0,5,4,80.00,2,2,40.00,0,2,0,0.00,5,100.00,5,100.00,5,100.00,0,0.00,2,40.00,40.00,0,0,0.00,0,0.00,0,0.00,0,0.00,,,,
2026-08-24T08:31:34Z,store_total,skullcandy.com,clearance,US,,5,5,0,7,6,85.71,2,2,28.57,0,2,0,0.00,7,100.00,7,100.00,7,100.00,0,0.00,2,28.57,28.57,0,0,0.00,0,0.00,0,0.00,0,0.00,,,,
2026-08-24T08:31:34Z,store_total,hexclad.com,clearance,US,,5,5,0,5,5,100.00,1,1,20.00,0,1,0,0.00,5,100.00,5,100.00,5,100.00,0,0.00,1,20.00,20.00,0,0,0.00,0,0.00,0,0.00,0,0.00,,,,
2026-08-24T08:31:34Z,store_total,www.ridgewallet.com,,US,,5,5,0,5,5,100.00,1,1,20.00,0,1,0,0.00,5,100.00,5,100.00,5,100.00,0,0.00,1,20.00,20.00,0,0,0.00,0,0.00,0,0.00,0,0.00,,,,
2026-08-24T08:31:34Z,store_total,ember.com,clearance,US,,5,5,0,15,15,100.00,2,2,13.33,0,2,0,0.00,15,100.00,15,100.00,15,100.00,0,0.00,2,13.33,13.33,0,0,0.00,0,0.00,0,0.00,0,0.00,,,,
2026-08-24T08:31:34Z,store_total,distilunion.com,holdout,US,,5,5,0,56,55,98.21,55,7,12.50,48,7,0,0.00,56,100.00,56,100.00,56,100.00,0,0.00,7,12.50,12.50,0,0,0.00,0,0.00,0,0.00,0,0.00,,,,
2026-08-24T08:31:34Z,store_total,www.brooklinen.com,,US,,5,5,0,16,14,87.50,16,2,12.50,14,2,0,0.00,16,100.00,16,100.00,16,100.00,0,0.00,2,12.50,12.50,0,0,0.00,0,0.00,0,0.00,0,0.00,,,,
2026-08-24T08:31:34Z,store_total,shopbala.com,holdout,US,,5,5,0,114,113,99.12,13,9,7.89,4,9,0,0.00,114,100.00,114,100.00,114,100.00,0,0.00,9,7.89,7.89,0,0,0.00,0,0.00,0,0.00,0,0.00,,,,
2026-08-24T08:31:34Z,store_total,drinkolipop.com,,US,,5,5,0,13,1,7.69,1,1,7.69,0,1,0,0.00,13,100.00,13,100.00,13,100.00,0,0.00,1,7.69,7.69,0,0,0.00,0,0.00,0,0.00,0,0.00,,,,
2026-08-24T08:31:34Z,store_total,moft.us,holdout,US,,5,5,0,73,73,100.00,18,18,24.66,0,5,3,21.92,73,100.00,73,100.00,73,100.00,0,0.00,2,2.74,2.74,0,0,0.00,0,0.00,0,0.00,0,0.00,,,,
2026-08-24T08:31:34Z,store_total,adamspolishes.com,fitment,US,,5,3,2,15,15,100.00,0,0,0.00,0,0,0,0.00,15,100.00,15,100.00,15,100.00,0,0.00,0,0.00,0.00,0,0,0.00,0,0.00,0,0.00,0,0.00,,,,
2026-08-24T08:31:34Z,store_total,brumate.com,hardgoods,US,,5,0,5,0,0,0.00,0,0,0.00,0,0,0,0.00,0,0.00,0,0.00,0,0.00,0,0.00,0,0.00,0.00,0,0,0.00,0,0.00,0,0.00,0,0.00,,,,
2026-08-24T08:31:34Z,store_total,gerbergear.com,hardgoods,US,,5,5,0,5,5,100.00,5,0,0.00,5,0,0,0.00,5,100.00,5,100.00,5,100.00,0,0.00,0,0.00,0.00,0,0,0.00,0,0.00,0,0.00,0,0.00,,,,
2026-08-24T08:31:34Z,store_total,goalzero.co.uk,hardgoods,GB,,5,5,0,5,5,100.00,5,0,0.00,5,0,0,0.00,5,100.00,5,100.00,5,100.00,0,0.00,0,0.00,0.00,0,0,0.00,0,0.00,0,0.00,0,0.00,,,,
2026-08-24T08:31:34Z,store_total,peakdesign.com,hardgoods,US,,5,0,5,0,0,0.00,0,0,0.00,0,0,0,0.00,0,0.00,0,0.00,0,0.00,0,0.00,0,0.00,0.00,0,0,0.00,0,0.00,0,0.00,0,0.00,,,,
2026-08-24T08:31:34Z,store_total,status.co,holdout,US,,5,5,0,27,27,100.00,0,0,0.00,0,0,0,0.00,27,100.00,27,100.00,27,100.00,0,0.00,0,0.00,0.00,0,0,0.00,0,0.00,0,0.00,0,0.00,,,,
2026-08-24T08:31:34Z,store_total,ugmonk.com,holdout,US,,5,5,0,5,5,100.00,4,0,0.00,4,0,0,0.00,5,100.00,5,100.00,5,100.00,0,0.00,0,0.00,0.00,0,0,0.00,0,0.00,0,0.00,0,0.00,,,,
2026-08-24T08:31:34Z,store_total,www.colourpop.com,,US,,5,5,0,5,5,100.00,5,0,0.00,5,0,0,0.00,5,100.00,5,100.00,5,100.00,0,0.00,0,0.00,0.00,0,0,0.00,0,0.00,0,0.00,0,0.00,,,,
2026-08-24T08:31:34Z,store_total,www.deathwishcoffee.com,,US,,5,5,0,8,8,100.00,4,4,50.00,0,1,1,50.00,8,100.00,8,100.00,8,100.00,0,0.00,0,0.00,0.00,0,0,0.00,0,0.00,0,0.00,0,0.00,,,,
2026-08-24T08:31:34Z,store_total,www.redbullshopus.com,,US,,5,5,0,11,11,100.00,0,0,0.00,0,0,0,0.00,11,100.00,11,100.00,11,100.00,0,0.00,0,0.00,0.00,0,0,0.00,0,0.00,0,0.00,0,0.00,,,,
2026-08-24T08:31:34Z,store_total,www.rhoback.com,,US,,5,0,5,0,0,0.00,0,0,0.00,0,0,0,0.00,0,0.00,0,0.00,0,0.00,0,0.00,0,0.00,0.00,0,0,0.00,0,0.00,0,0.00,0,0.00,,,,
2026-08-24T08:31:34Z,category,bioliteenergy.com,hardgoods,US,Accessory,0,0,0,1,1,100.00,1,1,100.00,0,1,0,0.00,1,100.00,1,100.00,1,100.00,0,0.00,1,100.00,100.00,0,0,0.00,0,0.00,0,0.00,0,0.00,,,,
2026-08-24T08:31:34Z,category,bioliteenergy.com,hardgoods,US,Apparel,0,0,0,5,5,100.00,5,5,100.00,0,5,0,0.00,5,100.00,5,100.00,5,100.00,0,0.00,5,100.00,100.00,0,0,0.00,0,0.00,0,0.00,0,0.00,,,,
2026-08-24T08:31:34Z,category,bioliteenergy.com,hardgoods,US,Inflatable Solar Light,0,0,0,1,1,100.00,1,1,100.00,0,1,0,0.00,1,100.00,1,100.00,1,100.00,0,0.00,1,100.00,100.00,0,0,0.00,0,0.00,0,0.00,0,0.00,,,,
2026-08-24T08:31:34Z,category,brumate.co.uk,hardgoods,GB,Era Flip,0,0,0,4,4,100.00,4,4,100.00,0,4,0,0.00,4,100.00,4,100.00,4,100.00,0,0.00,4,100.00,100.00,0,0,0.00,0,0.00,0,0.00,0,0.00,,,,
2026-08-24T08:31:34Z,category,brumate.co.uk,hardgoods,GB,Resa,0,0,0,8,8,100.00,8,8,100.00,0,8,0,0.00,8,100.00,8,100.00,8,100.00,0,0.00,8,100.00,100.00,0,0,0.00,0,0.00,0,0.00,0,0.00,,,,
2026-08-24T08:31:34Z,category,brumate.co.uk,hardgoods,GB,Strova,0,0,0,6,6,100.00,6,6,100.00,0,6,0,0.00,6,100.00,6,100.00,6,100.00,0,0.00,6,100.00,100.00,0,0,0.00,0,0.00,0,0.00,0,0.00,,,,
2026-08-24T08:31:34Z,category,case-mate.com,clearance,US,Galaxy S25 Edge,0,0,0,1,1,100.00,1,1,100.00,0,1,0,0.00,1,100.00,1,100.00,1,100.00,0,0.00,1,100.00,100.00,0,0,0.00,0,0.00,0,0.00,0,0.00,,,,
2026-08-24T08:31:34Z,category,case-mate.com,clearance,US,"Laptop Sleeve 14""",0,0,0,1,1,100.00,1,1,100.00,0,1,0,0.00,1,100.00,1,100.00,1,100.00,0,0.00,1,100.00,100.00,0,0,0.00,0,0.00,0,0.00,0,0.00,,,,
2026-08-24T08:31:34Z,category,case-mate.com,clearance,US,iPhone 15 Pro / 15 Pro Max,0,0,0,1,1,100.00,1,1,100.00,0,1,0,0.00,1,100.00,1,100.00,1,100.00,0,0.00,1,100.00,100.00,0,0,0.00,0,0.00,0,0.00,0,0.00,,,,
2026-08-24T08:31:34Z,category,case-mate.com,clearance,US,iPhone 16,0,0,0,1,1,100.00,1,1,100.00,0,1,0,0.00,1,100.00,1,100.00,1,100.00,0,0.00,1,100.00,100.00,0,0,0.00,0,0.00,0,0.00,0,0.00,,,,
2026-08-24T08:31:34Z,category,case-mate.com,clearance,US,iPhone 17 Pro,0,0,0,1,1,100.00,1,1,100.00,0,1,0,0.00,1,100.00,1,100.00,1,100.00,0,0.00,1,100.00,100.00,0,0,0.00,0,0.00,0,0.00,0,0.00,,,,
2026-08-24T08:31:34Z,category,chemicalguys.com,fitment,US,Exterior>Polish>Compounds & Polishes,0,0,0,1,1,100.00,1,1,100.00,0,1,0,0.00,1,100.00,1,100.00,1,100.00,0,0.00,1,100.00,100.00,0,0,0.00,0,0.00,0,0.00,0,0.00,,,,
2026-08-24T08:31:34Z,category,chemicalguys.com,fitment,US,Exterior>Washing>Wash Accessories,0,0,0,1,1,100.00,1,1,100.00,0,1,0,0.00,1,100.00,1,100.00,1,100.00,0,0.00,1,100.00,100.00,0,0,0.00,0,0.00,0,0.00,0,0.00,,,,
2026-08-24T08:31:34Z,category,chemicalguys.com,fitment,US,Kits>Interior Kits,0,0,0,1,1,100.00,1,1,100.00,0,1,0,0.00,1,100.00,1,100.00,1,100.00,0,0.00,1,100.00,100.00,0,0,0.00,0,0.00,0,0.00,0,0.00,,,,
2026-08-24T08:31:34Z,category,chemicalguys.com,fitment,US,More>Chemical Guys Gear,0,0,0,1,1,100.00,1,1,100.00,0,1,0,0.00,1,100.00,1,100.00,1,100.00,0,0.00,1,100.00,100.00,0,0,0.00,0,0.00,0,0.00,0,0.00,,,,
2026-08-24T08:31:34Z,category,chromeindustries.com,holdout,US,Accessories,0,0,0,3,3,100.00,3,3,100.00,0,3,0,0.00,3,100.00,3,100.00,3,100.00,0,0.00,3,100.00,100.00,0,0,0.00,0,0.00,0,0.00,0,0.00,,,,
2026-08-24T08:31:34Z,category,chromeindustries.com,holdout,US,Bags,0,0,0,10,10,100.00,10,10,100.00,0,10,0,0.00,10,100.00,10,100.00,10,100.00,0,0.00,10,100.00,100.00,0,0,0.00,0,0.00,0,0.00,0,0.00,,,,
2026-08-24T08:31:34Z,category,corkcicle.com,holdout,US,Accessories,0,0,0,2,2,100.00,2,2,100.00,0,2,0,0.00,2,100.00,2,100.00,2,100.00,0,0.00,2,100.00,100.00,0,0,0.00,0,0.00,0,0.00,0,0.00,,,,
2026-08-24T08:31:34Z,category,corkcicle.com,holdout,US,Canteen,0,0,0,1,1,100.00,1,1,100.00,0,1,0,0.00,1,100.00,1,100.00,1,100.00,0,0.00,1,100.00,100.00,0,0,0.00,0,0.00,0,0.00,0,0.00,,,,
2026-08-24T08:31:34Z,category,corkcicle.com,holdout,US,Extras,0,0,0,2,2,100.00,2,2,100.00,0,2,0,0.00,2,100.00,2,100.00,2,100.00,0,0.00,2,100.00,100.00,0,0,0.00,0,0.00,0,0.00,0,0.00,,,,
2026-08-24T08:31:34Z,category,corkcicle.com,holdout,US,Tumbler,0,0,0,2,2,100.00,2,2,100.00,0,2,0,0.00,2,100.00,2,100.00,2,100.00,0,0.00,2,100.00,100.00,0,0,0.00,0,0.00,0,0.00,0,0.00,,,,
2026-08-24T08:31:34Z,category,cotopaxi.com,clearance,US,Apparel,0,0,0,10,10,100.00,10,10,100.00,0,10,0,0.00,10,100.00,10,100.00,10,100.00,0,0.00,10,100.00,100.00,0,0,0.00,0,0.00,0,0.00,0,0.00,,,,
2026-08-24T08:31:34Z,category,cotopaxi.com,clearance,US,Equipment,0,0,0,5,5,100.00,5,5,100.00,0,5,0,0.00,5,100.00,5,100.00,5,100.00,0,0.00,5,100.00,100.00,0,0,0.00,0,0.00,0,0.00,0,0.00,,,,
2026-08-24T08:31:34Z,category,cotopaxi.com,clearance,US,Sportswear,0,0,0,15,15,100.00,15,15,100.00,0,15,0,0.00,15,100.00,15,100.00,15,100.00,0,0.00,15,100.00,100.00,0,0,0.00,0,0.00,0,0.00,0,0.00,,,,
2026-08-24T08:31:34Z,category,distilunion.com,holdout,US,,0,0,0,1,1,100.00,1,1,100.00,0,1,0,0.00,1,100.00,1,100.00,1,100.00,0,0.00,1,100.00,100.00,0,0,0.00,0,0.00,0,0.00,0,0.00,,,,
2026-08-24T08:31:34Z,category,distilunion.com,holdout,US,Wallet Skins,0,0,0,4,4,100.00,4,4,100.00,0,4,0,0.00,4,100.00,4,100.00,4,100.00,0,0.00,4,100.00,100.00,0,0,0.00,0,0.00,0,0.00,0,0.00,,,,
2026-08-24T08:31:34Z,category,distilunion.com,holdout,US,modstation,0,0,0,2,2,100.00,2,2,100.00,0,2,0,0.00,2,100.00,2,100.00,2,100.00,0,0.00,2,100.00,100.00,0,0,0.00,0,0.00,0,0.00,0,0.00,,,,
2026-08-24T08:31:34Z,category,fellowproducts.com,hardgoods,US,Food Storage Containers,0,0,0,15,15,100.00,15,15,100.00,0,15,0,0.00,15,100.00,15,100.00,15,100.00,0,0.00,15,100.00,100.00,0,0,0.00,0,0.00,0,0.00,0,0.00,,,,
2026-08-24T08:31:34Z,category,fellowproducts.com,hardgoods,US,Kettles,0,0,0,8,8,100.00,8,8,100.00,0,8,0,0.00,8,100.00,8,100.00,8,100.00,0,0.00,8,100.00,100.00,0,0,0.00,0,0.00,0,0.00,0,0.00,,,,
2026-08-24T08:31:34Z,category,fellowproducts.com,hardgoods,US,Replacement Part,0,0,0,2,2,100.00,2,2,100.00,0,2,0,0.00,2,100.00,2,100.00,2,100.00,0,0.00,2,100.00,100.00,0,0,0.00,0,0.00,0,0.00,0,0.00,,,,
2026-08-24T08:31:34Z,category,fenix-store.com,fitment,US,Battery,0,0,0,1,1,100.00,1,1,100.00,0,1,0,0.00,1,100.00,1,100.00,1,100.00,0,0.00,1,100.00,100.00,0,0,0.00,0,0.00,0,0.00,0,0.00,,,,
2026-08-24T08:31:34Z,category,fenix-store.com,fitment,US,Battery Charger,0,0,0,1,1,100.00,1,1,100.00,0,1,0,0.00,1,100.00,1,100.00,1,100.00,0,0.00,1,100.00,100.00,0,0,0.00,0,0.00,0,0.00,0,0.00,,,,
2026-08-24T08:31:34Z,category,fenix-store.com,fitment,US,Bike Light,0,0,0,1,1,100.00,1,1,100.00,0,1,0,0.00,1,100.00,1,100.00,1,100.00,0,0.00,1,100.00,100.00,0,0,0.00,0,0.00,0,0.00,0,0.00,,,,
2026-08-24T08:31:34Z,category,fenix-store.com,fitment,US,Tactical Flashlight,0,0,0,2,2,100.00,2,2,100.00,0,2,0,0.00,2,100.00,2,100.00,2,100.00,0,0.00,2,100.00,100.00,0,0,0.00,0,0.00,0,0.00,0,0.00,,,,
2026-08-24T08:31:34Z,category,fromourplace.co.uk,hardgoods,GB,cookware,0,0,0,10,10,100.00,10,10,100.00,0,10,0,0.00,10,100.00,10,100.00,10,100.00,0,0.00,10,100.00,100.00,0,0,0.00,0,0.00,0,0.00,0,0.00,,,,
2026-08-24T08:31:34Z,category,fromourplace.co.uk,hardgoods,GB,prep_and_clean,0,0,0,3,3,100.00,3,3,100.00,0,3,0,0.00,3,100.00,3,100.00,3,100.00,0,0.00,3,100.00,100.00,0,0,0.00,0,0.00,0,0.00,0,0.00,,,,
2026-08-24T08:31:34Z,category,fromourplace.com,hardgoods,US,add-ons,0,0,0,3,3,100.00,3,3,100.00,0,3,0,0.00,3,100.00,3,100.00,3,100.00,0,0.00,3,100.00,100.00,0,0,0.00,0,0.00,0,0.00,0,0.00,,,,
2026-08-24T08:31:34Z,category,fromourplace.com,hardgoods,US,cookware,0,0,0,3,3,100.00,3,3,100.00,0,3,0,0.00,3,100.00,3,100.00,3,100.00,0,0.00,3,100.00,100.00,0,0,0.00,0,0.00,0,0.00,0,0.00,,,,
2026-08-24T08:31:34Z,category,fromourplace.com,hardgoods,US,prep_and_clean,0,0,0,1,1,100.00,1,1,100.00,0,1,0,0.00,1,100.00,1,100.00,1,100.00,0,0.00,1,100.00,100.00,0,0,0.00,0,0.00,0,0.00,0,0.00,,,,
2026-08-24T08:31:34Z,category,goalzero.com,hardgoods,US,Home Backup Accessories,0,0,0,1,1,100.00,1,1,100.00,0,1,0,0.00,1,100.00,1,100.00,1,100.00,0,0.00,1,100.00,100.00,0,0,0.00,0,0.00,0,0.00,0,0.00,,,,
2026-08-24T08:31:34Z,category,goalzero.com,hardgoods,US,Portable Solar Panel,0,0,0,1,1,100.00,1,1,100.00,0,1,0,0.00,1,100.00,1,100.00,1,100.00,0,0.00,1,100.00,100.00,0,0,0.00,0,0.00,0,0.00,0,0.00,,,,
2026-08-24T08:31:34Z,category,gymshark.com,gymshark,US,Mens>Apparel>Pants>lifestyle,0,0,0,7,7,100.00,7,7,100.00,0,7,0,0.00,7,100.00,7,100.00,7,100.00,0,0.00,7,100.00,100.00,0,0,0.00,0,0.00,0,0.00,0,0.00,,,,
2026-08-24T08:31:34Z,category,gymshark.com,gymshark,US,Unisex>Accessories>Bags>tote,0,0,0,1,1,100.00,1,1,100.00,0,1,0,0.00,1,100.00,1,100.00,1,100.00,0,0.00,1,100.00,100.00,0,0,0.00,0,0.00,0,0.00,0,0.00,,,,
2026-08-24T08:31:34Z,category,gymshark.com,gymshark,US,Unisex>Accessories>Headwear>cap,0,0,0,1,1,100.00,1,1,100.00,0,1,0,0.00,1,100.00,1,100.00,1,100.00,0,0.00,1,100.00,100.00,0,0,0.00,0,0.00,0,0.00,0,0.00,,,,
2026-08-24T08:31:34Z,category,gymshark.com,gymshark,US,Womens>Apparel>Jackets / Outerwear>track_top,0,0,0,7,7,100.00,7,7,100.00,0,7,0,0.00,7,100.00,7,100.00,7,100.00,0,0.00,7,100.00,100.00,0,0,0.00,0,0.00,0,0.00,0,0.00,,,,
2026-08-24T08:31:34Z,category,gymshark.com,gymshark,US,Womens>Apparel>Shorts>tight,0,0,0,7,7,100.00,7,7,100.00,0,7,0,0.00,7,100.00,7,100.00,7,100.00,0,0.00,7,100.00,100.00,0,0,0.00,0,0.00,0,0.00,0,0.00,,,,
2026-08-24T08:31:34Z,category,hexclad.com,clearance,US,Pans,0,0,0,1,1,100.00,1,1,100.00,0,1,0,0.00,1,100.00,1,100.00,1,100.00,0,0.00,1,100.00,100.00,0,0,0.00,0,0.00,0,0.00,0,0.00,,,,
2026-08-24T08:31:34Z,category,hypershop.com,holdout,US,Hubs,0,0,0,2,2,100.00,2,2,100.00,0,2,0,0.00,2,100.00,2,100.00,2,100.00,0,0.00,2,100.00,100.00,0,0,0.00,0,0.00,0,0.00,0,0.00,,,,
2026-08-24T08:31:34Z,category,hypershop.com,holdout,US,Stand,0,0,0,4,4,100.00,4,4,100.00,0,4,0,0.00,4,100.00,4,100.00,4,100.00,0,0.00,4,100.00,100.00,0,0,0.00,0,0.00,0,0.00,0,0.00,,,,
2026-08-24T08:31:34Z,category,jeffreestarcosmetics.com,,US,SKIN FROST PALETTE,0,0,0,1,1,100.00,1,1,100.00,0,1,0,0.00,1,100.00,1,100.00,1,100.00,0,0.00,1,100.00,100.00,0,0,0.00,0,0.00,0,0.00,0,0.00,,,,
2026-08-24T08:31:34Z,category,jeffreestarcosmetics.com,,US,VINYL,0,0,0,1,1,100.00,1,1,100.00,0,1,0,0.00,1,100.00,1,100.00,1,100.00,0,0.00,1,100.00,100.00,0,0,0.00,0,0.00,0,0.00,0,0.00,,,,
2026-08-24T08:31:34Z,category,jlab.com,clearance,US,Audio Earbuds,0,0,0,2,2,100.00,2,2,100.00,0,2,0,0.00,2,100.00,2,100.00,2,100.00,0,0.00,2,100.00,100.00,0,0,0.00,0,0.00,0,0.00,0,0.00,,,,
2026-08-24T08:31:34Z,category,jlab.com,clearance,US,Audio Headphones,0,0,0,1,1,100.00,1,1,100.00,0,1,0,0.00,1,100.00,1,100.00,1,100.00,0,0.00,1,100.00,100.00,0,0,0.00,0,0.00,0,0.00,0,0.00,,,,
2026-08-24T08:31:34Z,category,jlab.com,clearance,US,head,0,0,0,1,1,100.00,1,1,100.00,0,1,0,0.00,1,100.00,1,100.00,1,100.00,0,0.00,1,100.00,100.00,0,0,0.00,0,0.00,0,0.00,0,0.00,,,,
2026-08-24T08:31:34Z,category,kenu.com,fitment,US,Car Charger,0,0,0,1,1,100.00,1,1,100.00,0,1,0,0.00,1,100.00,1,100.00,1,100.00,0,0.00,1,100.00,100.00,0,0,0.00,0,0.00,0,0.00,0,0.00,,,,
2026-08-24T08:31:34Z,category,kenu.com,fitment,US,Display Mount,0,0,0,1,1,100.00,1,1,100.00,0,1,0,0.00,1,100.00,1,100.00,1,100.00,0,0.00,1,100.00,100.00,0,0,0.00,0,0.00,0,0.00,0,0.00,,,,
2026-08-24T08:31:34Z,category,kenu.com,fitment,US,Powerbank,0,0,0,1,1,100.00,1,1,100.00,0,1,0,0.00,1,100.00,1,100.00,1,100.00,0,0.00,1,100.00,100.00,0,0,0.00,0,0.00,0,0.00,0,0.00,,,,
2026-08-24T08:31:34Z,category,klymit.com,clearance,US,Cargo Products,0,0,0,1,1,100.00,1,1,100.00,0,1,0,0.00,1,100.00,1,100.00,1,100.00,0,0.00,1,100.00,100.00,0,0,0.00,0,0.00,0,0.00,0,0.00,,,,
2026-08-24T08:31:34Z,category,klymit.com,clearance,US,WaterPORT Accessories,0,0,0,2,2,100.00,2,2,100.00,0,2,0,0.00,2,100.00,2,100.00,2,100.00,0,0.00,2,100.00,100.00,0,0,0.00,0,0.00,0,0.00,0,0.00,,,,
2026-08-24T08:31:34Z,category,materialkitchen.com,holdout,US,Knives,0,0,0,2,2,100.00,2,2,100.00,0,2,0,0.00,2,100.00,2,100.00,2,100.00,0,0.00,2,100.00,100.00,0,0,0.00,0,0.00,0,0.00,0,0.00,,,,
2026-08-24T08:31:34Z,category,materialkitchen.com,holdout,US,Table Linens,0,0,0,5,5,100.00,5,5,100.00,0,5,0,0.00,5,100.00,5,100.00,5,100.00,0,0.00,5,100.00,100.00,0,0,0.00,0,0.00,0,0.00,0,0.00,,,,
2026-08-24T08:31:34Z,category,misen.com,clearance,US,Carbon Nonstick,0,0,0,1,1,100.00,1,1,100.00,0,1,0,0.00,1,100.00,1,100.00,1,100.00,0,0.00,1,100.00,100.00,0,0,0.00,0,0.00,0,0.00,0,0.00,,,,
2026-08-24T08:31:34Z,category,misen.com,clearance,US,Standard Knife,0,0,0,5,5,100.00,5,5,100.00,0,5,0,0.00,5,100.00,5,100.00,5,100.00,0,0.00,5,100.00,100.00,0,0,0.00,0,0.00,0,0.00,0,0.00,,,,
2026-08-24T08:31:34Z,category,nativeunion.com,hardgoods,US,Power Adapters,0,0,0,5,5,100.00,5,5,100.00,0,5,0,0.00,5,100.00,5,100.00,5,100.00,0,0.00,5,100.00,100.00,0,0,0.00,0,0.00,0,0.00,0,0.00,,,,
2026-08-24T08:31:34Z,category,nativeunion.com,hardgoods,US,Slings,0,0,0,3,3,100.00,3,3,100.00,0,3,0,0.00,3,100.00,3,100.00,3,100.00,0,0.00,3,100.00,100.00,0,0,0.00,0,0.00,0,0.00,0,0.00,,,,
2026-08-24T08:31:34Z,category,nativeunion.com,hardgoods,US,iPhone Cases,0,0,0,5,5,100.00,5,5,100.00,0,5,0,0.00,5,100.00,5,100.00,5,100.00,0,0.00,5,100.00,100.00,0,0,0.00,0,0.00,0,0.00,0,0.00,,,,
2026-08-24T08:31:34Z,category,quadlockcase.com,fitment,US,360,0,0,0,1,1,100.00,1,1,100.00,0,1,0,0.00,1,100.00,1,100.00,1,100.00,0,0.00,1,100.00,100.00,0,0,0.00,0,0.00,0,0.00,0,0.00,,,,
2026-08-24T08:31:34Z,category,quadlockcase.com,fitment,US,Kits,0,0,0,1,1,100.00,1,1,100.00,0,1,0,0.00,1,100.00,1,100.00,1,100.00,0,0.00,1,100.00,100.00,0,0,0.00,0,0.00,0,0.00,0,0.00,,,,
2026-08-24T08:31:34Z,category,quadlockcase.com,fitment,US,Mounts,0,0,0,3,3,100.00,3,3,100.00,0,3,0,0.00,3,100.00,3,100.00,3,100.00,0,0.00,3,100.00,100.00,0,0,0.00,0,0.00,0,0.00,0,0.00,,,,
2026-08-24T08:31:34Z,category,quadlockcase.com,fitment,US,Spare Parts,0,0,0,1,1,100.00,1,1,100.00,0,1,0,0.00,1,100.00,1,100.00,1,100.00,0,0.00,1,100.00,100.00,0,0,0.00,0,0.00,0,0.00,0,0.00,,,,
2026-08-24T08:31:34Z,category,rokform.com,fitment,US,Apple Cases,0,0,0,3,3,100.00,3,3,100.00,0,3,0,0.00,3,100.00,3,100.00,3,100.00,0,0.00,3,100.00,100.00,0,0,0.00,0,0.00,0,0.00,0,0.00,,,,
2026-08-24T08:31:34Z,category,rokform.com,fitment,US,Tempered Glass Screen Protectors,0,0,0,1,1,100.00,1,1,100.00,0,1,0,0.00,1,100.00,1,100.00,1,100.00,0,0.00,1,100.00,100.00,0,0,0.00,0,0.00,0,0.00,0,0.00,,,,
2026-08-24T08:31:34Z,category,rumpl.com,clearance,US,Book,0,0,0,1,1,100.00,1,1,100.00,0,1,0,0.00,1,100.00,1,100.00,1,100.00,0,0.00,1,100.00,100.00,0,0,0.00,0,0.00,0,0.00,0,0.00,,,,
2026-08-24T08:31:34Z,category,rumpl.com,clearance,US,Flame Puffy,0,0,0,1,1,100.00,1,1,100.00,0,1,0,0.00,1,100.00,1,100.00,1,100.00,0,0.00,1,100.00,100.00,0,0,0.00,0,0.00,0,0.00,0,0.00,,,,
2026-08-24T08:31:34Z,category,rumpl.com,clearance,US,Merino SoftWool,0,0,0,1,1,100.00,1,1,100.00,0,1,0,0.00,1,100.00,1,100.00,1,100.00,0,0.00,1,100.00,100.00,0,0,0.00,0,0.00,0,0.00,0,0.00,,,,
2026-08-24T08:31:34Z,category,rumpl.com,clearance,US,Printed Original,0,0,0,1,1,100.00,1,1,100.00,0,1,0,0.00,1,100.00,1,100.00,1,100.00,0,0.00,1,100.00,100.00,0,0,0.00,0,0.00,0,0.00,0,0.00,,,,
2026-08-24T08:31:34Z,category,rumpl.com,clearance,US,Tech Towel,0,0,0,1,1,100.00,1,1,100.00,0,1,0,0.00,1,100.00,1,100.00,1,100.00,0,0.00,1,100.00,100.00,0,0,0.00,0,0.00,0,0.00,0,0.00,,,,
2026-08-24T08:31:34Z,category,satechi.net,hardgoods,US,,0,0,0,2,2,100.00,2,2,100.00,0,2,0,0.00,2,100.00,2,100.00,2,100.00,0,0.00,2,100.00,100.00,0,0,0.00,0,0.00,0,0.00,0,0.00,,,,
2026-08-24T08:31:34Z,category,satechi.net,hardgoods,US,Accessories,0,0,0,3,3,100.00,3,3,100.00,0,3,0,0.00,3,100.00,3,100.00,3,100.00,0,0.00,3,100.00,100.00,0,0,0.00,0,0.00,0,0.00,0,0.00,,,,
2026-08-24T08:31:34Z,category,satechi.net,hardgoods,US,Keyboards,0,0,0,2,2,100.00,2,2,100.00,0,2,0,0.00,2,100.00,2,100.00,2,100.00,0,0.00,2,100.00,100.00,0,0,0.00,0,0.00,0,0.00,0,0.00,,,,
2026-08-24T08:31:34Z,category,satechi.net,hardgoods,US,Multi-Ports ## Hubs,0,0,0,5,5,100.00,5,5,100.00,0,5,0,0.00,5,100.00,5,100.00,5,100.00,0,0.00,5,100.00,100.00,0,0,0.00,0,0.00,0,0.00,0,0.00,,,,
2026-08-24T08:31:34Z,category,shopbala.com,holdout,US,,0,0,0,5,5,100.00,5,5,100.00,0,5,0,0.00,5,100.00,5,100.00,5,100.00,0,0.00,5,100.00,100.00,0,0,0.00,0,0.00,0,0.00,0,0.00,,,,
2026-08-24T08:31:34Z,category,simplemodern.com,hardgoods,US,Classic Tumbler,0,0,0,1,1,100.00,1,1,100.00,0,1,0,0.00,1,100.00,1,100.00,1,100.00,0,0.00,1,100.00,100.00,0,0,0.00,0,0.00,0,0.00,0,0.00,,,,
2026-08-24T08:31:34Z,category,simplemodern.com,hardgoods,US,Hadley,0,0,0,2,2,100.00,2,2,100.00,0,2,0,0.00,2,100.00,2,100.00,2,100.00,0,0.00,2,100.00,100.00,0,0,0.00,0,0.00,0,0.00,0,0.00,,,,
2026-08-24T08:31:34Z,category,simplemodern.com,hardgoods,US,Kids Summit Water Bottle,0,0,0,2,2,100.00,2,2,100.00,0,2,0,0.00,2,100.00,2,100.00,2,100.00,0,0.00,2,100.00,100.00,0,0,0.00,0,0.00,0,0.00,0,0.00,,,,
2026-08-24T08:31:34Z,category,skullcandy.com,clearance,US,Earbuds,0,0,0,2,2,100.00,2,2,100.00,0,2,0,0.00,2,100.00,2,100.00,2,100.00,0,0.00,2,100.00,100.00,0,0,0.00,0,0.00,0,0.00,0,0.00,,,,
2026-08-24T08:31:34Z,category,thehouseofmarley.com,clearance,US,Audio Accessories,0,0,0,2,2,100.00,2,2,100.00,0,2,0,0.00,2,100.00,2,100.00,2,100.00,0,0.00,2,100.00,100.00,0,0,0.00,0,0.00,0,0.00,0,0.00,,,,
2026-08-24T08:31:34Z,category,thehouseofmarley.com,clearance,US,Earbuds,0,0,0,9,9,100.00,9,9,100.00,0,9,0,0.00,9,100.00,9,100.00,9,100.00,0,0.00,9,100.00,100.00,0,0,0.00,0,0.00,0,0.00,0,0.00,,,,
2026-08-24T08:31:34Z,category,thehouseofmarley.com,clearance,US,Turntables & Record Players,0,0,0,1,1,100.00,1,1,100.00,0,1,0,0.00,1,100.00,1,100.00,1,100.00,0,0.00,1,100.00,100.00,0,0,0.00,0,0.00,0,0.00,0,0.00,,,,
2026-08-24T08:31:34Z,category,thejamesbrand.com,hardgoods,US,Communication,0,0,0,4,4,100.00,4,4,100.00,0,4,0,0.00,4,100.00,4,100.00,4,100.00,0,0.00,4,100.00,100.00,0,0,0.00,0,0.00,0,0.00,0,0.00,,,,
2026-08-24T08:31:34Z,category,thejamesbrand.com,hardgoods,US,Essential Carry,0,0,0,4,4,100.00,4,4,100.00,0,4,0,0.00,4,100.00,4,100.00,4,100.00,0,0.00,4,100.00,100.00,0,0,0.00,0,0.00,0,0.00,0,0.00,,,,
2026-08-24T08:31:34Z,category,thejamesbrand.com,hardgoods,US,Knife + Tool,0,0,0,5,5,100.00,5,5,100.00,0,5,0,0.00,5,100.00,5,100.00,5,100.00,0,0.00,5,100.00,100.00,0,0,0.00,0,0.00,0,0.00,0,0.00,,,,
2026-08-24T08:31:34Z,category,thinkcrucial.com,fitment,US,"Heating, Cooling, & Air Quality",0,0,0,4,4,100.00,4,4,100.00,0,4,0,0.00,4,100.00,4,100.00,4,100.00,0,0.00,4,100.00,100.00,0,0,0.00,0,0.00,0,0.00,0,0.00,,,,
2026-08-24T08:31:34Z,category,thinkcrucial.com,fitment,US,Vacuum & Floor Care,0,0,0,9,9,100.00,9,9,100.00,0,9,0,0.00,9,100.00,9,100.00,9,100.00,0,0.00,9,100.00,100.00,0,0,0.00,0,0.00,0,0.00,0,0.00,,,,
2026-08-24T08:31:34Z,category,twelvesouth.co.uk,hardgoods,GB,Audio Accessories,0,0,0,11,11,100.00,11,11,100.00,0,11,0,0.00,11,100.00,11,100.00,11,100.00,0,0.00,11,100.00,100.00,0,0,0.00,0,0.00,0,0.00,0,0.00,,,,
2026-08-24T08:31:34Z,category,twelvesouth.co.uk,hardgoods,GB,Cases & Covers,0,0,0,3,3,100.00,3,3,100.00,0,3,0,0.00,3,100.00,3,100.00,3,100.00,0,0.00,3,100.00,100.00,0,0,0.00,0,0.00,0,0.00,0,0.00,,,,
2026-08-24T08:31:34Z,category,twelvesouth.co.uk,hardgoods,GB,Charger Accessories,0,0,0,2,2,100.00,2,2,100.00,0,2,0,0.00,2,100.00,2,100.00,2,100.00,0,0.00,2,100.00,100.00,0,0,0.00,0,0.00,0,0.00,0,0.00,,,,
2026-08-24T08:31:34Z,category,twelvesouth.co.uk,hardgoods,GB,Computer Riser & Stand,0,0,0,1,1,100.00,1,1,100.00,0,1,0,0.00,1,100.00,1,100.00,1,100.00,0,0.00,1,100.00,100.00,0,0,0.00,0,0.00,0,0.00,0,0.00,,,,
2026-08-24T08:31:34Z,category,twelvesouth.com,hardgoods,US,AirFly,0,0,0,1,1,100.00,1,1,100.00,0,1,0,0.00,1,100.00,1,100.00,1,100.00,0,0.00,1,100.00,100.00,0,0,0.00,0,0.00,0,0.00,0,0.00,,,,
2026-08-24T08:31:34Z,category,twelvesouth.com,hardgoods,US,Power,0,0,0,1,1,100.00,1,1,100.00,0,1,0,0.00,1,100.00,1,100.00,1,100.00,0,0.00,1,100.00,100.00,0,0,0.00,0,0.00,0,0.00,0,0.00,,,,
2026-08-24T08:31:34Z,category,twelvesouth.com,hardgoods,US,Replacement Parts,0,0,0,2,2,100.00,2,2,100.00,0,2,0,0.00,2,100.00,2,100.00,2,100.00,0,0.00,2,100.00,100.00,0,0,0.00,0,0.00,0,0.00,0,0.00,,,,
2026-08-24T08:31:34Z,category,uk.stanley1913.com,stanley,GB,Cook Sets,0,0,0,1,1,100.00,1,1,100.00,0,1,0,0.00,1,100.00,1,100.00,1,100.00,0,0.00,1,100.00,100.00,0,0,0.00,0,0.00,0,0.00,0,0.00,,,,
2026-08-24T08:31:34Z,category,uk.stanley1913.com,stanley,GB,Flip Straw Jugs,0,0,0,6,6,100.00,6,6,100.00,0,6,0,0.00,6,100.00,6,100.00,6,100.00,0,0.00,6,100.00,100.00,0,0,0.00,0,0.00,0,0.00,0,0.00,,,,
2026-08-24T08:31:34Z,category,uk.stanley1913.com,stanley,GB,Flip Straw Tumblers,0,0,0,2,2,100.00,2,2,100.00,0,2,0,0.00,2,100.00,2,100.00,2,100.00,0,0.00,2,100.00,100.00,0,0,0.00,0,0.00,0,0.00,0,0.00,,,,
2026-08-24T08:31:34Z,category,uk.stanley1913.com,stanley,GB,Mate Keeper,0,0,0,1,1,100.00,1,1,100.00,0,1,0,0.00,1,100.00,1,100.00,1,100.00,0,0.00,1,100.00,100.00,0,0,0.00,0,0.00,0,0.00,0,0.00,,,,
2026-08-24T08:31:34Z,category,uk.stanley1913.com,stanley,GB,Water Bottles,0,0,0,4,4,100.00,4,4,100.00,0,4,0,0.00,4,100.00,4,100.00,4,100.00,0,0.00,4,100.00,100.00,0,0,0.00,0,0.00,0,0.00,0,0.00,,,,
2026-08-24T08:31:34Z,category,umbra.com,clearance,US,,0,0,0,1,1,100.00,1,1,100.00,0,1,0,0.00,1,100.00,1,100.00,1,100.00,0,0.00,1,100.00,100.00,0,0,0.00,0,0.00,0,0.00,0,0.00,,,,
2026-08-24T08:31:34Z,category,umbra.com,clearance,US,Bathroom Accessories,0,0,0,1,1,100.00,1,1,100.00,0,1,0,0.00,1,100.00,1,100.00,1,100.00,0,0.00,1,100.00,100.00,0,0,0.00,0,0.00,0,0.00,0,0.00,,,,
2026-08-24T08:31:34Z,category,umbra.com,clearance,US,Kitchen Organization,0,0,0,1,1,100.00,1,1,100.00,0,1,0,0.00,1,100.00,1,100.00,1,100.00,0,0.00,1,100.00,100.00,0,0,0.00,0,0.00,0,0.00,0,0.00,,,,
2026-08-24T08:31:34Z,category,umbra.com,clearance,US,Single Curtain Rods,0,0,0,1,1,100.00,1,1,100.00,0,1,0,0.00,1,100.00,1,100.00,1,100.00,0,0.00,1,100.00,100.00,0,0,0.00,0,0.00,0,0.00,0,0.00,,,,
2026-08-24T08:31:34Z,category,wandp.com,clearance,US,Home & Garden > Kitchen & Dining,0,0,0,1,1,100.00,1,1,100.00,0,1,0,0.00,1,100.00,1,100.00,1,100.00,0,0.00,1,100.00,100.00,0,0,0.00,0,0.00,0,0.00,0,0.00,,,,
2026-08-24T08:31:34Z,category,wandp.com,clearance,US,Home & Garden > Kitchen & Dining > Food & Beverage Carriers,0,0,0,1,1,100.00,1,1,100.00,0,1,0,0.00,1,100.00,1,100.00,1,100.00,0,0.00,1,100.00,100.00,0,0,0.00,0,0.00,0,0.00,0,0.00,,,,
2026-08-24T08:31:34Z,category,wandp.com,clearance,US,Home & Garden > Kitchen & Dining > Kitchen Tools & Utensils > Ice Cube Trays,0,0,0,1,1,100.00,1,1,100.00,0,1,0,0.00,1,100.00,1,100.00,1,100.00,0,0.00,1,100.00,100.00,0,0,0.00,0,0.00,0,0.00,0,0.00,,,,
2026-08-24T08:31:34Z,category,www.allbirds.ca,allbirds,CA,Apparel,0,0,0,4,4,100.00,4,4,100.00,0,4,0,0.00,4,100.00,4,100.00,4,100.00,0,0.00,4,100.00,100.00,0,0,0.00,0,0.00,0,0.00,0,0.00,,,,
2026-08-24T08:31:34Z,category,www.allbirds.ca,allbirds,CA,Shoes,0,0,0,51,51,100.00,51,51,100.00,0,51,0,0.00,51,100.00,51,100.00,51,100.00,0,0.00,51,100.00,100.00,0,0,0.00,0,0.00,0,0.00,0,0.00,,,,
2026-08-24T08:31:34Z,category,www.allbirds.co.uk,allbirds,GB,Accessories,0,0,0,13,13,100.00,13,13,100.00,0,13,0,0.00,13,100.00,13,100.00,13,100.00,0,0.00,13,100.00,100.00,0,0,0.00,0,0.00,0,0.00,0,0.00,,,,
2026-08-24T08:31:34Z,category,www.allbirds.co.uk,allbirds,GB,Shoes,0,0,0,40,40,100.00,40,40,100.00,0,40,0,0.00,40,100.00,40,100.00,40,100.00,0,0.00,40,100.00,100.00,0,0,0.00,0,0.00,0,0.00,0,0.00,,,,
2026-08-24T08:31:34Z,category,www.allbirds.com,allbirds,US,Shoes,0,0,0,61,61,100.00,61,61,100.00,0,61,0,0.00,61,100.00,61,100.00,61,100.00,0,0.00,61,100.00,100.00,0,0,0.00,0,0.00,0,0.00,0,0.00,,,,
2026-08-24T08:31:34Z,category,www.allbirds.eu,allbirds,EU,Einlegesohle,0,0,0,15,15,100.00,15,15,100.00,0,15,0,0.00,15,100.00,15,100.00,15,100.00,0,0.00,15,100.00,100.00,0,0,0.00,0,0.00,0,0.00,0,0.00,,,,
2026-08-24T08:31:34Z,category,www.allbirds.eu,allbirds,EU,Flip Flops,0,0,0,8,8,100.00,8,8,100.00,0,8,0,0.00,8,100.00,8,100.00,8,100.00,0,0.00,8,100.00,100.00,0,0,0.00,0,0.00,0,0.00,0,0.00,,,,
2026-08-24T08:31:34Z,category,www.allbirds.eu,allbirds,EU,Freizeitschuhe,0,0,0,29,29,100.00,29,29,100.00,0,29,0,0.00,29,100.00,29,100.00,29,100.00,0,0.00,29,100.00,100.00,0,0,0.00,0,0.00,0,0.00,0,0.00,,,,
2026-08-24T08:31:34Z,category,www.allbirds.eu,allbirds,EU,Freizeitsocken,0,0,0,4,4,100.00,4,4,100.00,0,4,0,0.00,4,100.00,4,100.00,4,100.00,0,0.00,4,100.00,100.00,0,0,0.00,0,0.00,0,0.00,0,0.00,,,,
2026-08-24T08:31:34Z,category,www.aloyoga.com,,US,Men:Bottoms:Shorts,0,0,0,5,5,100.00,5,5,100.00,0,5,0,0.00,5,100.00,5,100.00,5,100.00,0,0.00,5,100.00,100.00,0,0,0.00,0,0.00,0,0.00,0,0.00,,,,
2026-08-24T08:31:34Z,category,www.aloyoga.com,,US,Women:Bras,0,0,0,15,15,100.00,15,15,100.00,0,15,0,0.00,15,100.00,15,100.00,15,100.00,0,0.00,15,100.00,100.00,0,0,0.00,0,0.00,0,0.00,0,0.00,,,,
2026-08-24T08:31:34Z,category,www.aloyoga.com,,US,Women:Tops:Tanks,0,0,0,5,5,100.00,5,5,100.00,0,5,0,0.00,5,100.00,5,100.00,5,100.00,0,0.00,5,100.00,100.00,0,0,0.00,0,0.00,0,0.00,0,0.00,,,,
2026-08-24T08:31:34Z,category,www.beardbrand.com,,US,Mustache Wax,0,0,0,1,1,100.00,1,1,100.00,0,1,0,0.00,1,100.00,1,100.00,1,100.00,0,0.00,1,100.00,100.00,0,0,0.00,0,0.00,0,0.00,0,0.00,,,,
2026-08-24T08:31:34Z,category,www.beardbrand.com,,US,Sea Salt Spray,0,0,0,1,1,100.00,1,1,100.00,0,1,0,0.00,1,100.00,1,100.00,1,100.00,0,0.00,1,100.00,100.00,0,0,0.00,0,0.00,0,0.00,0,0.00,,,,
2026-08-24T08:31:34Z,category,www.beardbrand.com,,US,Utility Bar,0,0,0,1,1,100.00,1,1,100.00,0,1,0,0.00,1,100.00,1,100.00,1,100.00,0,0.00,1,100.00,100.00,0,0,0.00,0,0.00,0,0.00,0,0.00,,,,
2026-08-24T08:31:34Z,category,www.beardbrand.com,,US,Utility Softener,0,0,0,1,1,100.00,1,1,100.00,0,1,0,0.00,1,100.00,1,100.00,1,100.00,0,0.00,1,100.00,100.00,0,0,0.00,0,0.00,0,0.00,0,0.00,,,,
2026-08-24T08:31:34Z,category,www.beardbrand.com,,US,Utility Wash,0,0,0,1,1,100.00,1,1,100.00,0,1,0,0.00,1,100.00,1,100.00,1,100.00,0,0.00,1,100.00,100.00,0,0,0.00,0,0.00,0,0.00,0,0.00,,,,
2026-08-24T08:31:34Z,category,www.brooklinen.com,,US,Content,0,0,0,1,0,0.00,1,1,100.00,0,1,0,0.00,1,100.00,1,100.00,1,100.00,0,0.00,1,100.00,100.00,0,0,0.00,0,0.00,0,0.00,0,0.00,,,,
2026-08-24T08:31:34Z,category,www.culturekings.com,,US,940 A-Frame,0,0,0,1,1,100.00,1,1,100.00,0,1,0,0.00,1,100.00,1,100.00,1,100.00,0,0.00,1,100.00,100.00,0,0,0.00,0,0.00,0,0.00,0,0.00,,,,
2026-08-24T08:31:34Z,category,www.culturekings.com,,US,Hood,0,0,0,6,6,100.00,6,6,100.00,0,6,0,0.00,6,100.00,6,100.00,6,100.00,0,0.00,6,100.00,100.00,0,0,0.00,0,0.00,0,0.00,0,0.00,,,,
2026-08-24T08:31:34Z,category,www.culturekings.com,,US,Necklace,0,0,0,6,6,100.00,6,6,100.00,0,6,0,0.00,6,100.00,6,100.00,6,100.00,0,0.00,6,100.00,100.00,0,0,0.00,0,0.00,0,0.00,0,0.00,,,,
2026-08-24T08:31:34Z,category,www.culturekings.com,,US,SS-Tees,0,0,0,7,7,100.00,7,7,100.00,0,7,0,0.00,7,100.00,7,100.00,7,100.00,0,0.00,7,100.00,100.00,0,0,0.00,0,0.00,0,0.00,0,0.00,,,,
2026-08-24T08:31:34Z,category,www.culturekings.com,,US,Snapback,0,0,0,1,1,100.00,1,1,100.00,0,1,0,0.00,1,100.00,1,100.00,1,100.00,0,0.00,1,100.00,100.00,0,0,0.00,0,0.00,0,0.00,0,0.00,,,,
2026-08-24T08:31:34Z,category,www.ridgewallet.com,,US,Tech - Chargers - Wall Charger Set - 45W - SINGLE,0,0,0,1,1,100.00,1,1,100.00,0,1,0,0.00,1,100.00,1,100.00,1,100.00,0,0.00,1,100.00,100.00,0,0,0.00,0,0.00,0,0.00,0,0.00,,,,
2026-08-24T08:31:34Z,category,www.stanley1913.com,stanley,US,Mugs,0,0,0,2,2,100.00,2,2,100.00,0,2,0,0.00,2,100.00,2,100.00,2,100.00,0,0.00,2,100.00,100.00,0,0,0.00,0,0.00,0,0.00,0,0.00,,,,
2026-08-24T08:31:34Z,category,www.stanley1913.com,stanley,US,Travel Bottles & Containers,0,0,0,3,3,100.00,3,3,100.00,0,3,0,0.00,3,100.00,3,100.00,3,100.00,0,0.00,3,100.00,100.00,0,0,0.00,0,0.00,0,0.00,0,0.00,,,,
2026-08-24T08:31:34Z,category,www.stanley1913.com,stanley,US,normal,0,0,0,25,25,100.00,25,25,100.00,0,25,0,0.00,25,100.00,25,100.00,25,100.00,0,0.00,25,100.00,100.00,0,0,0.00,0,0.00,0,0.00,0,0.00,,,,
2026-08-24T08:31:34Z,category,www.taylorstitch.com,,US,Knits,0,0,0,12,12,100.00,12,12,100.00,0,12,0,0.00,12,100.00,12,100.00,12,100.00,0,0.00,12,100.00,100.00,0,0,0.00,0,0.00,0,0.00,0,0.00,,,,
2026-08-24T08:31:34Z,category,www.taylorstitch.com,,US,Wovens,0,0,0,18,18,100.00,18,18,100.00,0,18,0,0.00,18,100.00,18,100.00,18,100.00,0,0.00,18,100.00,100.00,0,0,0.00,0,0.00,0,0.00,0,0.00,,,,
2026-08-24T08:31:34Z,category,www.tentree.com,,US,Accessories,0,0,0,2,2,100.00,2,2,100.00,0,2,0,0.00,2,100.00,2,100.00,2,100.00,0,0.00,2,100.00,100.00,0,0,0.00,0,0.00,0,0.00,0,0.00,,,,
2026-08-24T08:31:34Z,category,www.tentree.com,,US,Mens,0,0,0,5,5,100.00,5,5,100.00,0,5,0,0.00,5,100.00,5,100.00,5,100.00,0,0.00,5,100.00,100.00,0,0,0.00,0,0.00,0,0.00,0,0.00,,,,
2026-08-24T08:31:34Z,category,www.tentree.com,,US,Womens,0,0,0,10,10,100.00,10,10,100.00,0,10,0,0.00,10,100.00,10,100.00,10,100.00,0,0.00,10,100.00,100.00,0,0,0.00,0,0.00,0,0.00,0,0.00,,,,
2026-08-24T08:31:34Z,category,www.vessi.com,,US,Clothing,0,0,0,12,12,100.00,12,12,100.00,0,12,0,0.00,12,100.00,12,100.00,12,100.00,0,0.00,12,100.00,100.00,0,0,0.00,0,0.00,0,0.00,0,0.00,,,,
2026-08-24T08:31:34Z,category,www.vessi.com,,US,Shoes,0,0,0,35,35,100.00,35,35,100.00,0,35,0,0.00,35,100.00,35,100.00,35,100.00,0,0.00,35,100.00,100.00,0,0,0.00,0,0.00,0,0.00,0,0.00,,,,
2026-08-24T08:31:34Z,category,brumate.co.uk,hardgoods,GB,Rise,0,0,0,7,7,100.00,7,6,85.71,1,6,0,0.00,7,100.00,7,100.00,7,100.00,0,0.00,6,85.71,85.71,0,0,0.00,0,0.00,0,0.00,0,0.00,,,,
2026-08-24T08:31:34Z,category,misen.com,clearance,US,Serrated Knife,0,0,0,7,7,100.00,7,6,85.71,1,6,0,0.00,7,100.00,7,100.00,7,100.00,0,0.00,6,85.71,85.71,0,0,0.00,0,0.00,0,0.00,0,0.00,,,,
2026-08-24T08:31:34Z,category,shopbala.com,holdout,US,Floor,0,0,0,5,5,100.00,5,4,80.00,1,4,0,0.00,5,100.00,5,100.00,5,100.00,0,0.00,4,80.00,80.00,0,0,0.00,0,0.00,0,0.00,0,0.00,,,,
2026-08-24T08:31:34Z,category,gsioutdoors.com,hardgoods,US,GEAR,0,0,0,7,7,100.00,5,5,71.43,0,5,0,0.00,7,100.00,7,100.00,7,100.00,0,0.00,5,71.43,71.43,0,0,0.00,0,0.00,0,0.00,0,0.00,,,,
2026-08-24T08:31:34Z,category,goalzero.com,hardgoods,US,,0,0,0,3,3,100.00,2,2,66.67,0,2,0,0.00,3,100.00,3,100.00,3,100.00,0,0.00,2,66.67,66.67,0,0,0.00,0,0.00,0,0.00,0,0.00,,,,
2026-08-24T08:31:34Z,category,materialkitchen.com,holdout,US,,0,0,0,3,3,100.00,2,2,66.67,0,2,0,0.00,3,100.00,3,100.00,3,100.00,0,0.00,2,66.67,66.67,0,0,0.00,0,0.00,0,0.00,0,0.00,,,,
2026-08-24T08:31:34Z,category,nitecorestore.com,fitment,US,Flashlights,0,0,0,3,2,66.67,2,2,66.67,0,2,0,0.00,3,100.00,3,100.00,3,100.00,0,0.00,2,66.67,66.67,0,0,0.00,0,0.00,0,0.00,0,0.00,,,,
2026-08-24T08:31:34Z,category,umbra.com,clearance,US,Kitchen Trash Cans,0,0,0,3,3,100.00,2,2,66.67,0,2,0,0.00,3,100.00,3,100.00,3,100.00,0,0.00,2,66.67,66.67,0,0,0.00,0,0.00,0,0.00,0,0.00,,,,
2026-08-24T08:31:34Z,category,bioliteenergy.com,hardgoods,US,,0,0,0,2,2,100.00,1,1,50.00,0,1,0,0.00,2,100.00,2,100.00,2,100.00,0,0.00,1,50.00,50.00,0,0,0.00,0,0.00,0,0.00,0,0.00,,,,
2026-08-24T08:31:34Z,category,fromourplace.co.uk,hardgoods,GB,glassware,0,0,0,6,6,100.00,3,3,50.00,0,3,0,0.00,6,100.00,6,100.00,6,100.00,0,0.00,3,50.00,50.00,0,0,0.00,0,0.00,0,0.00,0,0.00,,,,
2026-08-24T08:31:34Z,category,hypershop.com,holdout,US,Connectivity,0,0,0,2,2,100.00,1,1,50.00,0,1,0,0.00,2,100.00,2,100.00,2,100.00,0,0.00,1,50.00,50.00,0,0,0.00,0,0.00,0,0.00,0,0.00,,,,
2026-08-24T08:31:34Z,category,kith.com,kith,US,Low Top Sneakers,0,0,0,55,55,100.00,55,26,47.27,29,26,0,0.00,55,100.00,55,100.00,55,100.00,0,0.00,26,47.27,47.27,0,0,0.00,0,0.00,0,0.00,0,0.00,,,,
2026-08-24T08:31:34Z,category,twelvesouth.com,hardgoods,US,Cases & Covers,0,0,0,7,7,100.00,3,3,42.86,0,3,0,0.00,7,100.00,7,100.00,7,100.00,0,0.00,3,42.86,42.86,0,0,0.00,0,0.00,0,0.00,0,0.00,,,,
2026-08-24T08:31:34Z,category,wandp.com,clearance,US,,0,0,0,5,5,100.00,2,2,40.00,0,2,0,0.00,5,100.00,5,100.00,5,100.00,0,0.00,2,40.00,40.00,0,0,0.00,0,0.00,0,0.00,0,0.00,,,,
2026-08-24T08:31:34Z,category,kith.com,kith,US,Trousers,0,0,0,15,15,100.00,15,4,26.67,11,4,0,0.00,15,100.00,15,100.00,15,100.00,0,0.00,4,26.67,26.67,0,0,0.00,0,0.00,0,0.00,0,0.00,,,,
2026-08-24T08:31:34Z,category,drinkolipop.com,,US,9g Fiber,0,0,0,4,1,25.00,1,1,25.00,0,1,0,0.00,4,100.00,4,100.00,4,100.00,0,0.00,1,25.00,25.00,0,0,0.00,0,0.00,0,0.00,0,0.00,,,,
2026-08-24T08:31:34Z,category,ember.com,clearance,US,Drinkware,0,0,0,14,14,100.00,2,2,14.29,0,2,0,0.00,14,100.00,14,100.00,14,100.00,0,0.00,2,14.29,14.29,0,0,0.00,0,0.00,0,0.00,0,0.00,,,,
2026-08-24T08:31:34Z,category,www.brooklinen.com,,US,Sheets,0,0,0,11,11,100.00,11,1,9.09,10,1,0,0.00,11,100.00,11,100.00,11,100.00,0,0.00,1,9.09,9.09,0,0,0.00,0,0.00,0,0.00,0,0.00,,,,
2026-08-24T08:31:34Z,category,moft.us,holdout,US,For Phones,0,0,0,67,67,100.00,18,18,26.87,0,5,3,23.88,67,100.00,67,100.00,67,100.00,0,0.00,2,2.99,2.99,0,0,0.00,0,0.00,0,0.00,0,0.00,,,,
2026-08-24T08:31:34Z,category,adamspolishes.com,fitment,US,Shop,0,0,0,15,15,100.00,0,0,0.00,0,0,0,0.00,15,100.00,15,100.00,15,100.00,0,0.00,0,0.00,0.00,0,0,0.00,0,0.00,0,0.00,0,0.00,,,,
2026-08-24T08:31:34Z,category,chemicalguys.com,fitment,US,Kits>Starter Kits,0,0,0,1,1,100.00,0,0,0.00,0,0,0,0.00,1,100.00,1,100.00,1,100.00,0,0.00,0,0.00,0.00,0,0,0.00,0,0.00,0,0.00,0,0.00,,,,
2026-08-24T08:31:34Z,category,distilunion.com,holdout,US,Belt,0,0,0,48,48,100.00,48,0,0.00,48,0,0,0.00,48,100.00,48,100.00,48,100.00,0,0.00,0,0.00,0.00,0,0,0.00,0,0.00,0,0.00,0,0.00,,,,
2026-08-24T08:31:34Z,category,distilunion.com,holdout,US,Bundles,0,0,0,1,0,0.00,0,0,0.00,0,0,0,0.00,1,100.00,1,100.00,1,100.00,0,0.00,0,0.00,0.00,0,0,0.00,0,0.00,0,0.00,0,0.00,,,,
2026-08-24T08:31:34Z,category,drinkolipop.com,,US,6g Fiber,0,0,0,8,0,0.00,0,0,0.00,0,0,0,0.00,8,100.00,8,100.00,8,100.00,0,0.00,0,0.00,0.00,0,0,0.00,0,0.00,0,0.00,0,0.00,,,,
2026-08-24T08:31:34Z,category,drinkolipop.com,,US,MINIs,0,0,0,1,0,0.00,0,0,0.00,0,0,0,0.00,1,100.00,1,100.00,1,100.00,0,0.00,0,0.00,0.00,0,0,0.00,0,0.00,0,0.00,0,0.00,,,,
2026-08-24T08:31:34Z,category,ember.com,clearance,US,Accessories,0,0,0,1,1,100.00,0,0,0.00,0,0,0,0.00,1,100.00,1,100.00,1,100.00,0,0.00,0,0.00,0.00,0,0,0.00,0,0.00,0,0.00,0,0.00,,,,
2026-08-24T08:31:34Z,category,fellowproducts.com,hardgoods,US,Accessories,0,0,0,1,1,100.00,0,0,0.00,0,0,0,0.00,1,100.00,1,100.00,1,100.00,0,0.00,0,0.00,0.00,0,0,0.00,0,0.00,0,0.00,0,0.00,,,,
2026-08-24T08:31:34Z,category,fromourplace.com,hardgoods,US,,0,0,0,9,9,100.00,0,0,0.00,0,0,0,0.00,9,100.00,9,100.00,9,100.00,0,0.00,0,0.00,0.00,0,0,0.00,0,0.00,0,0.00,0,0.00,,,,
2026-08-24T08:31:34Z,category,gerbergear.com,hardgoods,US,,0,0,0,5,5,100.00,5,0,0.00,5,0,0,0.00,5,100.00,5,100.00,5,100.00,0,0.00,0,0.00,0.00,0,0,0.00,0,0.00,0,0.00,0,0.00,,,,
2026-08-24T08:31:34Z,category,goalzero.co.uk,hardgoods,GB,,0,0,0,5,5,100.00,5,0,0.00,5,0,0,0.00,5,100.00,5,100.00,5,100.00,0,0.00,0,0.00,0.00,0,0,0.00,0,0.00,0,0.00,0,0.00,,,,
2026-08-24T08:31:34Z,category,hexclad.com,clearance,US,Cookware,0,0,0,1,1,100.00,0,0,0.00,0,0,0,0.00,1,100.00,1,100.00,1,100.00,0,0.00,0,0.00,0.00,0,0,0.00,0,0.00,0,0.00,0,0.00,,,,
2026-08-24T08:31:34Z,category,hexclad.com,clearance,US,Lids,0,0,0,1,1,100.00,0,0,0.00,0,0,0,0.00,1,100.00,1,100.00,1,100.00,0,0.00,0,0.00,0.00,0,0,0.00,0,0.00,0,0.00,0,0.00,,,,
2026-08-24T08:31:34Z,category,hexclad.com,clearance,US,Sets,0,0,0,2,2,100.00,0,0,0.00,0,0,0,0.00,2,100.00,2,100.00,2,100.00,0,0.00,0,0.00,0.00,0,0,0.00,0,0.00,0,0.00,0,0.00,,,,
2026-08-24T08:31:34Z,category,jeffreestarcosmetics.com,,US,,0,0,0,3,0,0.00,0,0,0.00,0,0,0,0.00,3,100.00,3,100.00,3,100.00,0,0.00,0,0.00,0.00,0,0,0.00,0,0.00,0,0.00,0,0.00,,,,
2026-08-24T08:31:34Z,category,jlab.com,clearance,US,,0,0,0,1,0,0.00,0,0,0.00,0,0,0,0.00,1,100.00,1,100.00,1,100.00,0,0.00,0,0.00,0.00,0,0,0.00,0,0.00,0,0.00,0,0.00,,,,
2026-08-24T08:31:34Z,category,kenu.com,fitment,US,Accessory,0,0,0,1,1,100.00,0,0,0.00,0,0,0,0.00,1,100.00,1,100.00,1,100.00,0,0.00,0,0.00,0.00,0,0,0.00,0,0.00,0,0.00,0,0.00,,,,
2026-08-24T08:31:34Z,category,kenu.com,fitment,US,car mount,0,0,0,1,1,100.00,0,0,0.00,0,0,0,0.00,1,100.00,1,100.00,1,100.00,0,0.00,0,0.00,0.00,0,0,0.00,0,0.00,0,0.00,0,0.00,,,,
2026-08-24T08:31:34Z,category,kith.com,kith,US,Decor & Accessories,0,0,0,2,2,100.00,2,0,0.00,2,0,0,0.00,2,100.00,2,100.00,2,100.00,0,0.00,0,0.00,0.00,0,0,0.00,0,0.00,0,0.00,0,0.00,,,,
2026-08-24T08:31:34Z,category,moft.us,holdout,US,,0,0,0,1,1,100.00,0,0,0.00,0,0,0,0.00,1,100.00,1,100.00,1,100.00,0,0.00,0,0.00,0.00,0,0,0.00,0,0.00,0,0.00,0,0.00,,,,
2026-08-24T08:31:34Z,category,moft.us,holdout,US,For Laptops,0,0,0,5,5,100.00,0,0,0.00,0,0,0,0.00,5,100.00,5,100.00,5,100.00,0,0.00,0,0.00,0.00,0,0,0.00,0,0.00,0,0.00,0,0.00,,,,
2026-08-24T08:31:34Z,category,nitecorestore.com,fitment,US,Accessories,0,0,0,1,1,100.00,0,0,0.00,0,0,0,0.00,1,100.00,1,100.00,1,100.00,0,0.00,0,0.00,0.00,0,0,0.00,0,0.00,0,0.00,0,0.00,,,,
2026-08-24T08:31:34Z,category,nitecorestore.com,fitment,US,Headlamps,0,0,0,1,1,100.00,0,0,0.00,0,0,0,0.00,1,100.00,1,100.00,1,100.00,0,0.00,0,0.00,0.00,0,0,0.00,0,0.00,0,0.00,0,0.00,,,,
2026-08-24T08:31:34Z,category,rokform.com,fitment,US,Samsung Cases,0,0,0,1,1,100.00,0,0,0.00,0,0,0,0.00,1,100.00,1,100.00,1,100.00,0,0.00,0,0.00,0.00,0,0,0.00,0,0.00,0,0.00,0,0.00,,,,
2026-08-24T08:31:34Z,category,shopbala.com,holdout,US,Accessories,0,0,0,3,3,100.00,3,0,0.00,3,0,0,0.00,3,100.00,3,100.00,3,100.00,0,0.00,0,0.00,0.00,0,0,0.00,0,0.00,0,0.00,0,0.00,,,,
2026-08-24T08:31:34Z,category,shopbala.com,holdout,US,Stylux Personalization,0,0,0,100,100,100.00,0,0,0.00,0,0,0,0.00,100,100.00,100,100.00,100,100.00,0,0.00,0,0.00,0.00,0,0,0.00,0,0.00,0,0.00,0,0.00,,,,
2026-08-24T08:31:34Z,category,shopbala.com,holdout,US,membership,0,0,0,1,0,0.00,0,0,0.00,0,0,0,0.00,1,100.00,1,100.00,1,100.00,0,0.00,0,0.00,0.00,0,0,0.00,0,0.00,0,0.00,0,0.00,,,,
2026-08-24T08:31:34Z,category,skullcandy.com,clearance,US,Accessories,0,0,0,2,2,100.00,0,0,0.00,0,0,0,0.00,2,100.00,2,100.00,2,100.00,0,0.00,0,0.00,0.00,0,0,0.00,0,0.00,0,0.00,0,0.00,,,,
2026-08-24T08:31:34Z,category,skullcandy.com,clearance,US,Bundle,0,0,0,1,0,0.00,0,0,0.00,0,0,0,0.00,1,100.00,1,100.00,1,100.00,0,0.00,0,0.00,0.00,0,0,0.00,0,0.00,0,0.00,0,0.00,,,,
2026-08-24T08:31:34Z,category,skullcandy.com,clearance,US,Gaming,0,0,0,1,1,100.00,0,0,0.00,0,0,0,0.00,1,100.00,1,100.00,1,100.00,0,0.00,0,0.00,0.00,0,0,0.00,0,0.00,0,0.00,0,0.00,,,,
2026-08-24T08:31:34Z,category,skullcandy.com,clearance,US,Headphones,0,0,0,1,1,100.00,0,0,0.00,0,0,0,0.00,1,100.00,1,100.00,1,100.00,0,0.00,0,0.00,0.00,0,0,0.00,0,0.00,0,0.00,0,0.00,,,,
2026-08-24T08:31:34Z,category,status.co,holdout,US,,0,0,0,2,2,100.00,0,0,0.00,0,0,0,0.00,2,100.00,2,100.00,2,100.00,0,0.00,0,0.00,0.00,0,0,0.00,0,0.00,0,0.00,0,0.00,,,,
2026-08-24T08:31:34Z,category,status.co,holdout,US,Accessories,0,0,0,2,2,100.00,0,0,0.00,0,0,0,0.00,2,100.00,2,100.00,2,100.00,0,0.00,0,0.00,0.00,0,0,0.00,0,0.00,0,0.00,0,0.00,,,,
2026-08-24T08:31:34Z,category,status.co,holdout,US,Headphones,0,0,0,3,3,100.00,0,0,0.00,0,0,0,0.00,3,100.00,3,100.00,3,100.00,0,0.00,0,0.00,0.00,0,0,0.00,0,0.00,0,0.00,0,0.00,,,,
2026-08-24T08:31:34Z,category,status.co,holdout,US,Protection,0,0,0,20,20,100.00,0,0,0.00,0,0,0,0.00,20,100.00,20,100.00,20,100.00,0,0.00,0,0.00,0.00,0,0,0.00,0,0.00,0,0.00,0,0.00,,,,
2026-08-24T08:31:34Z,category,ugmonk.com,holdout,US,Analog,0,0,0,3,3,100.00,2,0,0.00,2,0,0,0.00,3,100.00,3,100.00,3,100.00,0,0.00,0,0.00,0.00,0,0,0.00,0,0.00,0,0.00,0,0.00,,,,
2026-08-24T08:31:34Z,category,ugmonk.com,holdout,US,Toyo,0,0,0,1,1,100.00,1,0,0.00,1,0,0,0.00,1,100.00,1,100.00,1,100.00,0,0.00,0,0.00,0.00,0,0,0.00,0,0.00,0,0.00,0,0.00,,,,
2026-08-24T08:31:34Z,category,ugmonk.com,holdout,US,Warehouse,0,0,0,1,1,100.00,1,0,0.00,1,0,0,0.00,1,100.00,1,100.00,1,100.00,0,0.00,0,0.00,0.00,0,0,0.00,0,0.00,0,0.00,0,0.00,,,,
2026-08-24T08:31:34Z,category,www.brooklinen.com,,US,Duvet Covers,0,0,0,1,0,0.00,1,0,0.00,1,0,0,0.00,1,100.00,1,100.00,1,100.00,0,0.00,0,0.00,0.00,0,0,0.00,0,0.00,0,0.00,0,0.00,,,,
2026-08-24T08:31:34Z,category,www.brooklinen.com,,US,Pillow Covers,0,0,0,1,1,100.00,1,0,0.00,1,0,0,0.00,1,100.00,1,100.00,1,100.00,0,0.00,0,0.00,0.00,0,0,0.00,0,0.00,0,0.00,0,0.00,,,,
2026-08-24T08:31:34Z,category,www.brooklinen.com,,US,Pillow Protectors,0,0,0,2,2,100.00,2,0,0.00,2,0,0,0.00,2,100.00,2,100.00,2,100.00,0,0.00,0,0.00,0.00,0,0,0.00,0,0.00,0,0.00,0,0.00,,,,
2026-08-24T08:31:34Z,category,www.colourpop.com,,US,Act Natural Mascara,0,0,0,1,1,100.00,1,0,0.00,1,0,0,0.00,1,100.00,1,100.00,1,100.00,0,0.00,0,0.00,0.00,0,0,0.00,0,0.00,0,0.00,0,0.00,,,,
2026-08-24T08:31:34Z,category,www.colourpop.com,,US,Glitter Gel,0,0,0,1,1,100.00,1,0,0.00,1,0,0,0.00,1,100.00,1,100.00,1,100.00,0,0.00,0,0.00,0.00,0,0,0.00,0,0.00,0,0.00,0,0.00,,,,
2026-08-24T08:31:34Z,category,www.colourpop.com,,US,Lip Stain,0,0,0,1,1,100.00,1,0,0.00,1,0,0,0.00,1,100.00,1,100.00,1,100.00,0,0.00,0,0.00,0.00,0,0,0.00,0,0.00,0,0.00,0,0.00,,,,
2026-08-24T08:31:34Z,category,www.colourpop.com,,US,Pressed Powder Blush,0,0,0,1,1,100.00,1,0,0.00,1,0,0,0.00,1,100.00,1,100.00,1,100.00,0,0.00,0,0.00,0.00,0,0,0.00,0,0.00,0,0.00,0,0.00,,,,
2026-08-24T08:31:34Z,category,www.colourpop.com,,US,So Juicy Plumping Lip Liner & Balm Set,0,0,0,1,1,100.00,1,0,0.00,1,0,0,0.00,1,100.00,1,100.00,1,100.00,0,0.00,0,0.00,0.00,0,0,0.00,0,0.00,0,0.00,0,0.00,,,,
2026-08-24T08:31:34Z,category,www.deathwishcoffee.com,,US,Accessories,0,0,0,1,1,100.00,0,0,0.00,0,0,0,0.00,1,100.00,1,100.00,1,100.00,0,0.00,0,0.00,0.00,0,0,0.00,0,0.00,0,0.00,0,0.00,,,,
2026-08-24T08:31:34Z,category,www.deathwishcoffee.com,,US,Coffee,0,0,0,4,4,100.00,4,4,100.00,0,1,1,100.00,4,100.00,4,100.00,4,100.00,0,0.00,0,0.00,0.00,0,0,0.00,0,0.00,0,0.00,0,0.00,,,,
2026-08-24T08:31:34Z,category,www.deathwishcoffee.com,,US,Coffee Bundle,0,0,0,3,3,100.00,0,0,0.00,0,0,0,0.00,3,100.00,3,100.00,3,100.00,0,0.00,0,0.00,0.00,0,0,0.00,0,0.00,0,0.00,0,0.00,,,,
2026-08-24T08:31:34Z,category,www.redbullshopus.com,,US,Backpack,0,0,0,1,1,100.00,0,0,0.00,0,0,0,0.00,1,100.00,1,100.00,1,100.00,0,0.00,0,0.00,0.00,0,0,0.00,0,0.00,0,0.00,0,0.00,,,,
2026-08-24T08:31:34Z,category,www.redbullshopus.com,,US,Bag,0,0,0,1,1,100.00,0,0,0.00,0,0,0,0.00,1,100.00,1,100.00,1,100.00,0,0.00,0,0.00,0.00,0,0,0.00,0,0.00,0,0.00,0,0.00,,,,
2026-08-24T08:31:34Z,category,www.redbullshopus.com,,US,Goggles,0,0,0,3,3,100.00,0,0,0.00,0,0,0,0.00,3,100.00,3,100.00,3,100.00,0,0.00,0,0.00,0.00,0,0,0.00,0,0.00,0,0.00,0,0.00,,,,
2026-08-24T08:31:34Z,category,www.redbullshopus.com,,US,T-Shirt,0,0,0,5,5,100.00,0,0,0.00,0,0,0,0.00,5,100.00,5,100.00,5,100.00,0,0.00,0,0.00,0.00,0,0,0.00,0,0.00,0,0.00,0,0.00,,,,
2026-08-24T08:31:34Z,category,www.redbullshopus.com,,US,Water Bottle,0,0,0,1,1,100.00,0,0,0.00,0,0,0,0.00,1,100.00,1,100.00,1,100.00,0,0.00,0,0.00,0.00,0,0,0.00,0,0.00,0,0.00,0,0.00,,,,
2026-08-24T08:31:34Z,category,www.ridgewallet.com,,US,EDC - KEYCASE - RIDGE KEYCASE - SINGLE,0,0,0,1,1,100.00,0,0,0.00,0,0,0,0.00,1,100.00,1,100.00,1,100.00,0,0.00,0,0.00,0.00,0,0,0.00,0,0.00,0,0.00,0,0.00,,,,
2026-08-24T08:31:34Z,category,www.ridgewallet.com,,US,EDC - KNIVES - EVERYDAY FOLDER - Single,0,0,0,1,1,100.00,0,0,0.00,0,0,0,0.00,1,100.00,1,100.00,1,100.00,0,0.00,0,0.00,0.00,0,0,0.00,0,0.00,0,0.00,0,0.00,,,,
2026-08-24T08:31:34Z,category,www.ridgewallet.com,,US,EDC - WALLET - RIDGE WALLET - SINGLE,0,0,0,2,2,100.00,0,0,0.00,0,0,0,0.00,2,100.00,2,100.00,2,100.00,0,0.00,0,0.00,0.00,0,0,0.00,0,0.00,0,0.00,0,0.00,,,,
