source,mpn,exact_search_results,search_url,audited_at,observation
B-Stock,154773201,0,https://bstock.com/all-auctions?q=154773201,2026-08-24T11:10:07Z,public live-auction search
B-Stock,154825001,0,https://bstock.com/all-auctions?q=154825001,2026-08-24T11:10:07Z,public live-auction search
B-Stock,5303323480,0,https://bstock.com/all-auctions?q=5303323480,2026-08-24T11:10:07Z,public live-auction search
B-Stock,WPW10318952,0,https://bstock.com/all-auctions?q=WPW10318952,2026-08-24T11:10:07Z,public live-auction search
B-Stock,WR32X10885,0,https://bstock.com/all-auctions?q=WR32X10885,2026-08-24T11:10:07Z,public live-auction search
B-Stock,285744,0,https://bstock.com/all-auctions?q=285744,2026-08-24T11:10:07Z,public live-auction search
B-Stock,134101400,0,https://bstock.com/all-auctions?q=134101400,2026-08-24T11:10:07Z,public live-auction search
B-Stock,WP3406725,0,https://bstock.com/all-auctions?q=WP3406725,2026-08-24T11:10:07Z,public live-auction search
B-Stock,WPW10359272,0,https://bstock.com/all-auctions?q=WPW10359272,2026-08-24T11:10:07Z,public live-auction search
B-Stock,WP3388703,0,https://bstock.com/all-auctions?q=WP3388703,2026-08-24T11:10:07Z,public live-auction search
B-Stock,N097361,0,https://bstock.com/all-auctions?q=N097361,2026-08-24T11:10:07Z,public live-auction search
B-Stock,N097696,0,https://bstock.com/all-auctions?q=N097696,2026-08-24T11:10:07Z,public live-auction search
B-Stock,CB407,0,https://bstock.com/all-auctions?q=CB407,2026-08-24T11:10:07Z,public live-auction search
B-Stock,N031655,0,https://bstock.com/all-auctions?q=N031655,2026-08-24T11:10:07Z,public live-auction search
B-Stock,N039404,0,https://bstock.com/all-auctions?q=N039404,2026-08-24T11:10:07Z,public live-auction search
B-Stock,308760037,0,https://bstock.com/all-auctions?q=308760037,2026-08-24T11:10:07Z,public live-auction search
Direct Liquidation,154773201,0,https://www.directliquidation.com/search?s=154773201,2026-08-24T11:10:07Z,public current-inventory search
Direct Liquidation,154825001,0,https://www.directliquidation.com/search?s=154825001,2026-08-24T11:10:07Z,public current-inventory search
Direct Liquidation,5303323480,0,https://www.directliquidation.com/search?s=5303323480,2026-08-24T11:10:07Z,public current-inventory search
Direct Liquidation,WPW10318952,0,https://www.directliquidation.com/search?s=WPW10318952,2026-08-24T11:10:07Z,public current-inventory search
Direct Liquidation,WR32X10885,0,https://www.directliquidation.com/search?s=WR32X10885,2026-08-24T11:10:07Z,public current-inventory search
Direct Liquidation,285744,0,https://www.directliquidation.com/search?s=285744,2026-08-24T11:10:07Z,public current-inventory search
Direct Liquidation,134101400,0,https://www.directliquidation.com/search?s=134101400,2026-08-24T11:10:07Z,public current-inventory search
Direct Liquidation,WP3406725,0,https://www.directliquidation.com/search?s=WP3406725,2026-08-24T11:10:07Z,public current-inventory search
Direct Liquidation,WPW10359272,0,https://www.directliquidation.com/search?s=WPW10359272,2026-08-24T11:10:07Z,public current-inventory search
Direct Liquidation,WP3388703,0,https://www.directliquidation.com/search?s=WP3388703,2026-08-24T11:10:07Z,public current-inventory search
Direct Liquidation,N097361,0,https://www.directliquidation.com/search?s=N097361,2026-08-24T11:10:07Z,public current-inventory search
Direct Liquidation,N097696,0,https://www.directliquidation.com/search?s=N097696,2026-08-24T11:10:07Z,public current-inventory search
Direct Liquidation,CB407,0,https://www.directliquidation.com/search?s=CB407,2026-08-24T11:10:07Z,public current-inventory search
Direct Liquidation,N031655,0,https://www.directliquidation.com/search?s=N031655,2026-08-24T11:10:07Z,public current-inventory search
Direct Liquidation,N039404,0,https://www.directliquidation.com/search?s=N039404,2026-08-24T11:10:07Z,public current-inventory search
Direct Liquidation,308760037,0,https://www.directliquidation.com/search?s=308760037,2026-08-24T11:10:07Z,public current-inventory search
