product,variant,condition_src,price_gbp,sku,handle,url,n_raw,n_match,ebay_p25_gbp,cm_gbp,status
Samsung Galaxy Tab S9 Ultra WiFi + Cellular 1TB,Graphite / Excellent Condition,Excellent Condition,1043.99,GTABS9UWC-1TB-GP-MI,samsung-galaxy-tab-s9-ultra-wifi-cellular-1tb,https://www.reboxed.co/products/samsung-galaxy-tab-s9-ultra-wifi-cellular-1tb?variant=55589783404920,27,2,799.0,-317.84,REJECT_CM
iPhone 17 Pro 256GB,Cosmic Orange / Pristine / Standard Battery,Standard Battery,1030.41,IP17P-256GB-CO-LN,apple-iphone-17-pro-256gb,https://www.reboxed.co/products/apple-iphone-17-pro-256gb?variant=55288583651704,50,44,823.71,-281.55,REJECT_CM
Galaxy Z Fold7 5G 1TB,Jetblack / Great Condition,Great Condition,1015.2,SSFO7-1TB-BLK-GR,samsung-galaxy-z-fold7-5g-1tb,https://www.reboxed.co/products/samsung-galaxy-z-fold7-5g-1tb?variant=55445280194936,17,2,949.99,-150.28,REJECT_CM
Samsung Galaxy Tab S9 Ultra WiFi + Cellular 1TB,Graphite / Great Condition,Great Condition,985.99,GTABS9UWC-1TB-GP-GR,samsung-galaxy-tab-s9-ultra-wifi-cellular-1tb,https://www.reboxed.co/products/samsung-galaxy-tab-s9-ultra-wifi-cellular-1tb?variant=55589783535992,27,2,799.0,-259.84,REJECT_CM
Galaxy Z Fold7 5G 512GB,Blue Shadow / Great Condition,Great Condition,979.56,SSFO7-512GB-BLU-GR,samsung-galaxy-z-fold7-5g-512gb,https://www.reboxed.co/products/samsung-galaxy-z-fold7-5g-512gb?variant=55445296677240,26,7,499.99,-528.22,REJECT_CM
"Refurbished MacBook Pro 16"" M1 Pro 2021 16GB/1TB",Space Grey / Good Condition,Good Condition,967.02,MBP16-M1PRO-10C16G-16-1TB-SG-2021-FA,apple-macbook-pro-16-inch-m1-pro-2021-1tb,https://www.reboxed.co/products/apple-macbook-pro-16-inch-m1-pro-2021-1tb?variant=55634400641400,50,30,699.99,-331.87,REJECT_CM
Samsung Galaxy Tab S9 Ultra WiFi + Cellular 512GB,Graphite / Excellent Condition,Excellent Condition,951.99,GTABS9UWC-512GB-GP-MI,samsung-galaxy-tab-s9-ultra-wifi-cellular-512gb,https://www.reboxed.co/products/samsung-galaxy-tab-s9-ultra-wifi-cellular-512gb?variant=55589783994744,33,0,,,NO_MATCH
Samsung Galaxy Tab S9 Ultra WiFi + Cellular 1TB,Graphite / Good Condition,Good Condition,939.59,GTABS9UWC-1TB-GP-FA,samsung-galaxy-tab-s9-ultra-wifi-cellular-1tb,https://www.reboxed.co/products/samsung-galaxy-tab-s9-ultra-wifi-cellular-1tb?variant=55589783437688,27,2,799.0,-213.44,REJECT_CM
Galaxy Z Fold7 5G 1TB,Jetblack / Good Condition,Good Condition,915.84,SSFO7-1TB-BLK-FA,samsung-galaxy-z-fold7-5g-1tb,https://www.reboxed.co/products/samsung-galaxy-z-fold7-5g-1tb?variant=55445287272824,17,2,949.99,-50.92,REJECT_CM
"Refurbished MacBook Air 13"" M1 2020 16GB/2TB",Silver / Excellent Condition,Excellent Condition,915.8,MBA13-M1-8C8G-16-2TB-SIL-2020-PR,apple-macbook-air-13-inch-m1-2020-2tb,https://www.reboxed.co/products/apple-macbook-air-13-inch-m1-2020-2tb?variant=55634416501112,50,0,,,NO_MATCH
Galaxy Z Fold7 5G 512GB,Blue Shadow / Good Condition,Good Condition,909.36,SSFO7-512GB-BLU-FA,samsung-galaxy-z-fold7-5g-512gb,https://www.reboxed.co/products/samsung-galaxy-z-fold7-5g-512gb?variant=55445283438968,26,7,499.99,-458.02,REJECT_CM
Samsung Galaxy Tab S10 Ultra WiFi 512GB,Platinum Silver / Excellent Condition,Excellent Condition,904.79,GTABSS10-ULTRAW-512GB-PS-MI,samsung-galaxy-tab-s10-ultra-wifi-512gb,https://www.reboxed.co/products/samsung-galaxy-tab-s10-ultra-wifi-512gb?variant=55589803000184,31,3,720.0,-251.25,REJECT_CM
Samsung Galaxy Tab S10 Ultra WiFi + Cellular 512GB,Moonstone Grey / Excellent Condition,Excellent Condition,886.43,GTABSS10-ULTRAWC-512GB-MG-MI,samsung-galaxy-tab-s10-ultra-wifi-cellular-512gb-1,https://www.reboxed.co/products/samsung-galaxy-tab-s10-ultra-wifi-cellular-512gb-1?variant=55589805752696,32,0,,,NO_MATCH
Samsung Galaxy Tab S9 Ultra WiFi + Cellular 512GB,Graphite / Good Condition,Good Condition,873.59,GTABS9UWC-512GB-GP-FA,samsung-galaxy-tab-s9-ultra-wifi-cellular-512gb,https://www.reboxed.co/products/samsung-galaxy-tab-s9-ultra-wifi-cellular-512gb?variant=55589783896440,33,0,,,NO_MATCH
Galaxy S25 Ultra 1TB,Titanium Whitesilver / Pristine,Pristine,864.6,SS25-1TB-TW-LN,samsung-galaxy-s25-ultra-1tb,https://www.reboxed.co/products/samsung-galaxy-s25-ultra-1tb?variant=55011804512632,22,18,710.5,-219.79,REJECT_CM
Galaxy Z Fold7 5G 256GB,Jetblack / Good Condition,Good Condition,851.2,SSFO7-256GB-BLK-FA,samsung-galaxy-z-fold7-5g-256gb,https://www.reboxed.co/products/samsung-galaxy-z-fold7-5g-256gb?variant=55445281079672,31,10,499.99,-399.86,REJECT_CM
iPhone 15 Pro 512GB,White Titanium / Excellent Condition / New Battery,New Battery,849.0,IP15P-512GB-WH-MI-NB,apple-iphone-15-pro-512gb,https://www.reboxed.co/products/apple-iphone-15-pro-512gb?variant=55597259719032,50,37,525.0,-374.68,REJECT_CM
Galaxy Z Flip7 5G 512GB,Coralred / Good Condition,Good Condition,840.0,SSFL7-512GB-RED-FA,samsung-galaxy-z-flip7-5g-512gb,https://www.reboxed.co/products/samsung-galaxy-z-flip7-5g-512gb?variant=55445370929528,50,2,369.99,-508.14,REJECT_CM
Samsung Galaxy Tab S9+  WiFi + Cellular 512GB,Graphite / Excellent Condition,Excellent Condition,839.99,GTABS9PWC-512GB-GP-MI,samsung-galaxy-tab-s9-plus-wifi-cellular-512gb,https://www.reboxed.co/products/samsung-galaxy-tab-s9-plus-wifi-cellular-512gb?variant=55589771379064,35,0,,,NO_MATCH
Samsung Galaxy Tab S9 Ultra WiFi + Cellular 256GB,Graphite / Good Condition,Good Condition,795.19,GTABS9UWC-256GB-GP-FA,samsung-galaxy-tab-s9-ultra-wifi-cellular-256gb,https://www.reboxed.co/products/samsung-galaxy-tab-s9-ultra-wifi-cellular-256gb?variant=55589783765368,33,2,521.8,-323.81,REJECT_CM
Samsung Galaxy Tab S9+  WiFi + Cellular 512GB,Graphite / Great Condition,Great Condition,795.19,GTABS9PWC-512GB-GP-GR,samsung-galaxy-tab-s9-plus-wifi-cellular-512gb,https://www.reboxed.co/products/samsung-galaxy-tab-s9-plus-wifi-cellular-512gb?variant=55589771149688,35,0,,,NO_MATCH
Samsung Galaxy Tab S9 Ultra WiFi 1TB,Graphite / Good Condition,Good Condition,792.42,GTABS9UW-1TB-GP-FA,samsung-galaxy-tab-s9-ultra-wifi-1tb,https://www.reboxed.co/products/samsung-galaxy-tab-s9-ultra-wifi-1tb?variant=55589779079544,27,2,799.0,-66.27,REJECT_CM
iPhone 15 Pro Max 512GB,White Titanium / Great Condition / New Battery,New Battery,789.0,IP15PM-512GB-WH-GR-NB,apple-iphone-15-pro-max-512gb,https://www.reboxed.co/products/apple-iphone-15-pro-max-512gb?variant=55597279707512,50,37,565.0,-277.91,REJECT_CM
Samsung Galaxy Tab S10 Ultra WiFi 512GB,Moonstone Grey / Good Condition,Good Condition,788.79,GTABSS10-ULTRAW-512GB-MG-FA,samsung-galaxy-tab-s10-ultra-wifi-512gb,https://www.reboxed.co/products/samsung-galaxy-tab-s10-ultra-wifi-512gb?variant=55589802967416,31,3,720.0,-135.25,REJECT_CM
iPhone 14 Pro Max 1TB,Gold / Good Condition / Standard Battery,Standard Battery,783.71,IP14PM-1TGB-GO-FA,apple-iphone-14-pro-max-1tb,https://www.reboxed.co/products/apple-iphone-14-pro-max-1tb?variant=45674220257511,36,32,486.1,-345.14,REJECT_CM
Samsung Galaxy Tab S9+  WiFi + Cellular 512GB,Graphite / Good Condition,Good Condition,761.59,GTABS9PWC-512GB-GP-FA,samsung-galaxy-tab-s9-plus-wifi-cellular-512gb,https://www.reboxed.co/products/samsung-galaxy-tab-s9-plus-wifi-cellular-512gb?variant=55589771215224,35,0,,,NO_MATCH
Galaxy S25 Ultra 1TB,Titanium Jetblack / Excellent Condition,Excellent Condition,759.97,SS25-1TB-TJBLK-MI,samsung-galaxy-s25-ultra-1tb,https://www.reboxed.co/products/samsung-galaxy-s25-ultra-1tb?variant=55011828629880,22,18,710.5,-115.16,REJECT_CM
iPhone 15 Pro 256GB,Natural Titanium / Excellent Condition / New Battery,New Battery,759.0,IP15P-256GB-NT-MI-NB,apple-iphone-15-pro-256gb,https://www.reboxed.co/products/apple-iphone-15-pro-256gb?variant=55597253624184,50,49,414.64,-386.11,REJECT_CM
Samsung Galaxy Tab S9 FE+ WiFi 256GB,Silver / Excellent Condition,Excellent Condition,739.19,GTABSS9-FE-PLUS-W-256GB-SI-MI,samsung-galaxy-tab-s9-fe-plus-wifi-256gb,https://www.reboxed.co/products/samsung-galaxy-tab-s9-fe-plus-wifi-256gb?variant=55589795987832,50,0,,,NO_MATCH
Samsung Galaxy Tab S10+ WiFi 512GB,Moonstone Grey / Excellent Condition,Excellent Condition,730.12,GTABSS10-PLUSW-512GB-MG-MI,samsung-galaxy-tab-s10-plus-wifi-512gb,https://www.reboxed.co/products/samsung-galaxy-tab-s10-plus-wifi-512gb?variant=55589799526776,32,3,720.0,-76.58,REJECT_CM
