model,manufacturers,titles,categories,upcs,valid_gtins,lot_count,manifest_line_count,total_quantity,conditions,lot_ids,lot_urls,first_seen_at
Cam V3,Wyze,Wyze Cam V3 Wired Smart Security Camera 2-Pack with 2 x 32GB microSDHC Cards White,Electronics -> Security & Surveillance,810083474373,810083474373,1,1,1,GRADE A,945439,https://www.directliquidation.com/p/945439-1-parcel-box-30-pcs-security-and-surveillance-home-security-and-safety-mixed-conditions-wyze/945439,2026-08-24T12:28:40Z
WBAT2,Wyze,Wyze WBAT2 Removable Battery Pack v2 - Single Pack (BCP),Electronics -> Security & Surveillance,810083474731,810083474731,1,1,20,GRADE A,945447,https://www.directliquidation.com/p/945447-1-parcel-box-96-pcs-security-and-surveillance-mixed-conditions-wyze/945447,2026-08-24T12:28:40Z
WCGDCB,Wyze,Wyze WCGDCB Smart Garage Door Opener w/Built-in HD Video,Electronics -> Security & Surveillance,810083470917,810083470917,5,5,7,GRADE A,945438;945439;945440;945442;945443,https://www.directliquidation.com/p/945438-1-parcel-box-36-pcs-security-and-surveillance-home-security-and-safety-mixed-conditions-wyze/945438;https://www.directliquidation.com/p/945439-1-parcel-box-30-pcs-security-and-surveillance-home-security-and-safety-mixed-conditions-wyze/945439;https://www.directliquidation.com/p/945440-1-parcel-box-39-pcs-security-and-surveillance-home-security-and-safety-mixed-conditions-wyze/945440;https://www.directliquidation.com/p/945442-1-parcel-box-27-pcs-security-and-surveillance-home-security-and-safety-mixed-conditions-wyze/945442;https://www.directliquidation.com/p/945443-1-parcel-box-34-pcs-security-and-surveillance-mixed-conditions-wyze/945443,2026-08-24T12:28:40Z
WCHIM,Wyze,Wyze WiFi Chime,Home -> Home Security & Safety,810083474564,810083474564,7,7,8,Open Box Like New;Used,945437;945438;945439;945440;945441;945442;945443,https://www.directliquidation.com/p/945437-1-parcel-box-24-pcs-security-and-surveillance-home-security-and-safety-mixed-conditions-wyze/945437;https://www.directliquidation.com/p/945438-1-parcel-box-36-pcs-security-and-surveillance-home-security-and-safety-mixed-conditions-wyze/945438;https://www.directliquidation.com/p/945439-1-parcel-box-30-pcs-security-and-surveillance-home-security-and-safety-mixed-conditions-wyze/945439;https://www.directliquidation.com/p/945440-1-parcel-box-39-pcs-security-and-surveillance-home-security-and-safety-mixed-conditions-wyze/945440;https://www.directliquidation.com/p/945441-1-parcel-box-95-pcs-security-and-surveillance-mixed-conditions-wyze/945441;https://www.directliquidation.com/p/945442-1-parcel-box-27-pcs-security-and-surveillance-home-security-and-safety-mixed-conditions-wyze/945442;https://www.directliquidation.com/p/945443-1-parcel-box-34-pcs-security-and-surveillance-mixed-conditions-wyze/945443,2026-08-24T12:28:40Z
WDCDOBL,Wyze,Wyze Duo Cam Doorbell Only (No Chime) Black,Electronics -> Security & Surveillance,810083474700,810083474700,1,1,1,GRADE A,945442,https://www.directliquidation.com/p/945442-1-parcel-box-27-pcs-security-and-surveillance-home-security-and-safety-mixed-conditions-wyze/945442,2026-08-24T12:28:40Z
Wired IP65 Weather Resistant Video Doorbell,Wyze,"Wyze Wired IP65 Weather Resistant Video Doorbell, Black",Electronics -> Security & Surveillance,810083472744,810083472744,2,2,38,GRADE A,945441;945452,https://www.directliquidation.com/p/945441-1-parcel-box-95-pcs-security-and-surveillance-mixed-conditions-wyze/945441;https://www.directliquidation.com/p/945452-1-parcel-box-78-pcs-security-and-surveillance-home-security-and-safety-mixed-conditions-wyze/945452,2026-08-24T12:28:40Z
WLPP1,Wyze,"Wyze WLPP1 Smart Home Plug, 2 Pack White",Home Improvement -> Hardware,859696007271,859696007271,3,3,3,Open Box Like New;Used,945437;945438;945439,https://www.directliquidation.com/p/945437-1-parcel-box-24-pcs-security-and-surveillance-home-security-and-safety-mixed-conditions-wyze/945437;https://www.directliquidation.com/p/945438-1-parcel-box-36-pcs-security-and-surveillance-home-security-and-safety-mixed-conditions-wyze/945438;https://www.directliquidation.com/p/945439-1-parcel-box-30-pcs-security-and-surveillance-home-security-and-safety-mixed-conditions-wyze/945439,2026-08-24T12:28:40Z
WLPPO1-1,Wyze,Wyze WLPPO1-1 Outdoor Smart Plug with Dual Outlets,Home Improvement -> Hardware,859696007660,859696007660,6,6,9,New;Open Box Like New;Used,945437;945438;945439;945440;945442;945443,https://www.directliquidation.com/p/945437-1-parcel-box-24-pcs-security-and-surveillance-home-security-and-safety-mixed-conditions-wyze/945437;https://www.directliquidation.com/p/945438-1-parcel-box-36-pcs-security-and-surveillance-home-security-and-safety-mixed-conditions-wyze/945438;https://www.directliquidation.com/p/945439-1-parcel-box-30-pcs-security-and-surveillance-home-security-and-safety-mixed-conditions-wyze/945439;https://www.directliquidation.com/p/945440-1-parcel-box-39-pcs-security-and-surveillance-home-security-and-safety-mixed-conditions-wyze/945440;https://www.directliquidation.com/p/945442-1-parcel-box-27-pcs-security-and-surveillance-home-security-and-safety-mixed-conditions-wyze/945442;https://www.directliquidation.com/p/945443-1-parcel-box-34-pcs-security-and-surveillance-mixed-conditions-wyze/945443,2026-08-24T12:28:40Z
WLPS1_CA,Wyze,"Wyze WLPS1_CA Smart Programmable 15 Amp Touch and Push Button Light Switch, White",Home Improvement -> Hardware,810083470955,810083470955,2,2,6,Open Box Like New,945438;945443,https://www.directliquidation.com/p/945438-1-parcel-box-36-pcs-security-and-surveillance-home-security-and-safety-mixed-conditions-wyze/945438;https://www.directliquidation.com/p/945443-1-parcel-box-34-pcs-security-and-surveillance-mixed-conditions-wyze/945443,2026-08-24T12:28:40Z
WLPS1-RB,Wyze,"Wyze WLPS1-RB Smart 15 Amp Programmable Touch and Push Button Light Switch, White 1-Pack",Home Improvement -> Hardware,810083470436,810083470436,3,4,5,Like New;New;Open Box Like New,945439;945440;945452,https://www.directliquidation.com/p/945439-1-parcel-box-30-pcs-security-and-surveillance-home-security-and-safety-mixed-conditions-wyze/945439;https://www.directliquidation.com/p/945440-1-parcel-box-39-pcs-security-and-surveillance-home-security-and-safety-mixed-conditions-wyze/945440;https://www.directliquidation.com/p/945452-1-parcel-box-78-pcs-security-and-surveillance-home-security-and-safety-mixed-conditions-wyze/945452,2026-08-24T12:28:40Z
WSES2-3PK,Wyze,"Wyze Sense Entry Sensor 3-Pack, Wireless Door and Window Security Sensors, White",Home -> Home Security & Safety,850025015271,850025015271,6,6,12,New;Open Box Like New,945437;945438;945439;945440;945443;945452,https://www.directliquidation.com/p/945437-1-parcel-box-24-pcs-security-and-surveillance-home-security-and-safety-mixed-conditions-wyze/945437;https://www.directliquidation.com/p/945438-1-parcel-box-36-pcs-security-and-surveillance-home-security-and-safety-mixed-conditions-wyze/945438;https://www.directliquidation.com/p/945439-1-parcel-box-30-pcs-security-and-surveillance-home-security-and-safety-mixed-conditions-wyze/945439;https://www.directliquidation.com/p/945440-1-parcel-box-39-pcs-security-and-surveillance-home-security-and-safety-mixed-conditions-wyze/945440;https://www.directliquidation.com/p/945443-1-parcel-box-34-pcs-security-and-surveillance-mixed-conditions-wyze/945443;https://www.directliquidation.com/p/945452-1-parcel-box-78-pcs-security-and-surveillance-home-security-and-safety-mixed-conditions-wyze/945452,2026-08-24T12:28:40Z
WSHB1,Hualai,"Hualai Wyze Sense Hub, Built-in Rechargeable Battery, 10-Hour Backup, Compact Base Station, Security System Controller",Home -> Home Security & Safety,850025015240,850025015240,1,1,1,New,945440,https://www.directliquidation.com/p/945440-1-parcel-box-39-pcs-security-and-surveillance-home-security-and-safety-mixed-conditions-wyze/945440,2026-08-24T12:28:40Z
WSLSP2,Wyze,Wyze WSLSP2 Sense Leak Sensor Probe (2-Pack),Home -> Home Security & Safety,850025015677,850025015677,2,3,3,Open Box Like New;Used,945438;945451,https://www.directliquidation.com/p/945438-1-parcel-box-36-pcs-security-and-surveillance-home-security-and-safety-mixed-conditions-wyze/945438;https://www.directliquidation.com/p/945451-1-parcel-box-28-pcs-security-and-surveillance-mixed-conditions-wyze/945451,2026-08-24T12:28:40Z
WSMS2,Wyze,Wyze Motion Sensor WSMS2 Wireless Home Security Sensor White 1 Pack,Home -> Home Security & Safety,850025015288,850025015288,2,2,3,Open Box Like New;Used,945439;945443,https://www.directliquidation.com/p/945439-1-parcel-box-30-pcs-security-and-surveillance-home-security-and-safety-mixed-conditions-wyze/945439;https://www.directliquidation.com/p/945443-1-parcel-box-34-pcs-security-and-surveillance-mixed-conditions-wyze/945443,2026-08-24T12:28:40Z
WSP2W,Wyze,Wyze WSP2W Solar Panel for Wyze Outdoor Wireless Security Camera,Electronics -> Security & Surveillance,850025015301,850025015301,1,1,39,GRADE A,945447,https://www.directliquidation.com/p/945447-1-parcel-box-96-pcs-security-and-surveillance-mixed-conditions-wyze/945447,2026-08-24T12:28:40Z
WSPRK1,Wyze,Wyze WSPRK1 Smart Controller 8-Zone WiFi 1 Year of Automatic Weather-Based Watering with Sprinkler Plus Black,Patio & Garden -> Gardening & Lawn Care -> Other,859696007295,859696007295,5,5,8,Open Box Like New;Used,945437;945438;945440;945441;945442,https://www.directliquidation.com/p/945437-1-parcel-box-24-pcs-security-and-surveillance-home-security-and-safety-mixed-conditions-wyze/945437;https://www.directliquidation.com/p/945438-1-parcel-box-36-pcs-security-and-surveillance-home-security-and-safety-mixed-conditions-wyze/945438;https://www.directliquidation.com/p/945440-1-parcel-box-39-pcs-security-and-surveillance-home-security-and-safety-mixed-conditions-wyze/945440;https://www.directliquidation.com/p/945441-1-parcel-box-95-pcs-security-and-surveillance-mixed-conditions-wyze/945441;https://www.directliquidation.com/p/945442-1-parcel-box-27-pcs-security-and-surveillance-home-security-and-safety-mixed-conditions-wyze/945442,2026-08-24T12:28:40Z
WYZEBF,Wyze,"WYZE WYZEBF Bird Feeder Camera Case Compatible with Wyze Battery Camera Pro, Blue and Orange",Electronics -> Cameras -> Accessories,810083474106,810083474106,1,1,1,Open Box Like New,945447,https://www.directliquidation.com/p/945447-1-parcel-box-96-pcs-security-and-surveillance-mixed-conditions-wyze/945447,2026-08-24T12:28:40Z
WYZEBF-L-SZ,Wyze,"Wyze WYZEBF-L-SZ Macro Close-Up Lens for Wyze Cam v3/v4, Outdoor v1/v2, Battery Cam Pro, Black",Electronics -> Cameras -> Accessories,810083474854,810083474854,1,1,2,Open Box Like New,945447,https://www.directliquidation.com/p/945447-1-parcel-box-96-pcs-security-and-surveillance-mixed-conditions-wyze/945447,2026-08-24T12:28:40Z
WYZEC3,Wyze,Wyze WYZEC3 Cam 1080p HD Indoor WiFi Smart Home Camera with Night Vision,Electronics -> Security & Surveillance,859696007806,859696007806,4,5,10,BRAND NEW;GRADE A,945438;945440;945441;945443,https://www.directliquidation.com/p/945438-1-parcel-box-36-pcs-security-and-surveillance-home-security-and-safety-mixed-conditions-wyze/945438;https://www.directliquidation.com/p/945440-1-parcel-box-39-pcs-security-and-surveillance-home-security-and-safety-mixed-conditions-wyze/945440;https://www.directliquidation.com/p/945441-1-parcel-box-95-pcs-security-and-surveillance-mixed-conditions-wyze/945441;https://www.directliquidation.com/p/945443-1-parcel-box-34-pcs-security-and-surveillance-mixed-conditions-wyze/945443,2026-08-24T12:28:40Z
WYZEC3L,Wyze,Wyze WYZEC3L Cam v3 1080P Indoor/Outdoor Security Cameras Color Night Vision,Electronics -> Security & Surveillance,850025015356,850025015356,3,3,3,GRADE A;GRADE B,945439;945443;945451,https://www.directliquidation.com/p/945439-1-parcel-box-30-pcs-security-and-surveillance-home-security-and-safety-mixed-conditions-wyze/945439;https://www.directliquidation.com/p/945443-1-parcel-box-34-pcs-security-and-surveillance-mixed-conditions-wyze/945443;https://www.directliquidation.com/p/945451-1-parcel-box-28-pcs-security-and-surveillance-mixed-conditions-wyze/945451,2026-08-24T12:28:40Z
WYZEC3P,"Wyze Labs, Inc.","Wyze Cam V3 Pro 2K Indoor Outdoor Wi-Fi Security Camera with Color Night Vision, Motion-Activated Spotlight, Siren, Edge AI Person Detection, Two-Way Audio, White",Electronics -> Security & Surveillance,810083471334,810083471334,1,1,2,GRADE A,945443,https://www.directliquidation.com/p/945443-1-parcel-box-34-pcs-security-and-surveillance-mixed-conditions-wyze/945443,2026-08-24T12:28:40Z
WYZEC4,Wyze,"Wyze Cam v4 Smart Home Security Camera, 2.5K QHD, Enhanced Color Night Vision, Motion-Activated Spotlight and Siren, IP65 Weather Resistant, Wired, Gray;Wyze Wyzec4 Cam v4, 2.5K HD WiFi Smart Home Indoor/Outdoor Security Camera, Black",Electronics -> Security & Surveillance;Home -> Home Security & Safety,810083473581;810083473680,810083473581;810083473680,9,25,119,BRAND NEW;GRADE A;Open Box Like New;Used,945437;945438;945439;945440;945441;945442;945443;945451;945452,https://www.directliquidation.com/p/945437-1-parcel-box-24-pcs-security-and-surveillance-home-security-and-safety-mixed-conditions-wyze/945437;https://www.directliquidation.com/p/945438-1-parcel-box-36-pcs-security-and-surveillance-home-security-and-safety-mixed-conditions-wyze/945438;https://www.directliquidation.com/p/945439-1-parcel-box-30-pcs-security-and-surveillance-home-security-and-safety-mixed-conditions-wyze/945439;https://www.directliquidation.com/p/945440-1-parcel-box-39-pcs-security-and-surveillance-home-security-and-safety-mixed-conditions-wyze/945440;https://www.directliquidation.com/p/945441-1-parcel-box-95-pcs-security-and-surveillance-mixed-conditions-wyze/945441;https://www.directliquidation.com/p/945442-1-parcel-box-27-pcs-security-and-surveillance-home-security-and-safety-mixed-conditions-wyze/945442;https://www.directliquidation.com/p/945443-1-parcel-box-34-pcs-security-and-surveillance-mixed-conditions-wyze/945443;https://www.directliquidation.com/p/945451-1-parcel-box-28-pcs-security-and-surveillance-mixed-conditions-wyze/945451;https://www.directliquidation.com/p/945452-1-parcel-box-78-pcs-security-and-surveillance-home-security-and-safety-mixed-conditions-wyze/945452,2026-08-24T12:28:40Z
WYZEC4WH,Wyze,Wyze WYZEC4WH Cam V4 2.5K QHD WiFi Indoor/Outdoor Security Camera with Color Night Vision,Electronics -> Security & Surveillance,810083473673,810083473673,1,1,17,GRADE A,945441,https://www.directliquidation.com/p/945441-1-parcel-box-95-pcs-security-and-surveillance-mixed-conditions-wyze/945441,2026-08-24T12:28:40Z
WYZEC-BC,Wyze,"Wyze Bulb Cam 2K HD Security Camera with Color Night Vision, Dimmable 800 Lumen LED Bulb, Motion Detection, Siren Alarm, Local MicroSD Storage, White",Electronics -> Security & Surveillance,810083474830,810083474830,2,2,23,GRADE A,945441;945452,https://www.directliquidation.com/p/945441-1-parcel-box-95-pcs-security-and-surveillance-mixed-conditions-wyze/945441;https://www.directliquidation.com/p/945452-1-parcel-box-78-pcs-security-and-surveillance-home-security-and-safety-mixed-conditions-wyze/945452,2026-08-24T12:28:40Z
WYZEC-DUO-WH,Wyze,Wyze Duo Cam Pan White,Electronics -> Security & Surveillance,810083474434,810083474434,1,1,3,GRADE A,945451,https://www.directliquidation.com/p/945451-1-parcel-box-28-pcs-security-and-surveillance-mixed-conditions-wyze/945451,2026-08-24T12:28:40Z
WYZECFLPIMBL,Wyze,Wyze Cam Floodlight Plug-in Mount Black,Electronics -> Cameras -> Accessories,810083474472,810083474472,1,2,4,Like New;Open Box Like New,945447,https://www.directliquidation.com/p/945447-1-parcel-box-96-pcs-security-and-surveillance-mixed-conditions-wyze/945447,2026-08-24T12:28:40Z
WYZECFLPIMWH,Wyze,Wyze Floodlight Cam Plug-In Mount with 20ft Weather-Resistant Power Cable for Wyze Floodlight Cameras v1 v2 Pro White WYZECFLPIMWH,Electronics -> Cameras -> Accessories,810083474465,810083474465,1,1,3,Like New,945447,https://www.directliquidation.com/p/945447-1-parcel-box-96-pcs-security-and-surveillance-mixed-conditions-wyze/945447,2026-08-24T12:28:40Z
WYZECGS,Wyze,Wyze WYZECGS Cam OG Indoor/Outdoor Wireless 1080p Security Camera - WHITE,Electronics -> Security & Surveillance,810083471044,810083471044,1,1,5,GRADE A,945441,https://www.directliquidation.com/p/945441-1-parcel-box-95-pcs-security-and-surveillance-mixed-conditions-wyze/945441,2026-08-24T12:28:40Z
WYZECGSB,Wyze,"Wyze Cam OG Wired Indoor/Outdoor 1080p Full HD Security Camera with Color Night Vision, Built-in Spotlight, Mini-Siren, Two-Way Audio, Black",Home -> Home Security & Safety,810083472737,810083472737,3,5,9,Open Box Like New;Used,945437;945439;945451,https://www.directliquidation.com/p/945437-1-parcel-box-24-pcs-security-and-surveillance-home-security-and-safety-mixed-conditions-wyze/945437;https://www.directliquidation.com/p/945439-1-parcel-box-30-pcs-security-and-surveillance-home-security-and-safety-mixed-conditions-wyze/945439;https://www.directliquidation.com/p/945451-1-parcel-box-28-pcs-security-and-surveillance-mixed-conditions-wyze/945451,2026-08-24T12:28:40Z
WYZECGS_CA,Wyze,Wyze WYZECGS_CA Cam OG Wired Indoor Outdoor 1080p HD Smart Security Camera w/Built-In Spotlight,Home -> Home Security & Safety,810083471860,810083471860,2,2,2,New;Used,945439;945440,https://www.directliquidation.com/p/945439-1-parcel-box-30-pcs-security-and-surveillance-home-security-and-safety-mixed-conditions-wyze/945439;https://www.directliquidation.com/p/945440-1-parcel-box-39-pcs-security-and-surveillance-home-security-and-safety-mixed-conditions-wyze/945440,2026-08-24T12:28:40Z
WYZECGT,Wyze,"Wyze Cam OG Telephoto Indoor/Outdoor 1080p Wi-Fi Smart Security Camera with 3X Optical Zoom, Color Night Vision, Motion and Sound Detection, Two-Way Audio, White",Electronics -> Security & Surveillance,810083471594,810083471594,2,2,4,GRADE A,945441;945452,https://www.directliquidation.com/p/945441-1-parcel-box-95-pcs-security-and-surveillance-mixed-conditions-wyze/945441;https://www.directliquidation.com/p/945452-1-parcel-box-78-pcs-security-and-surveillance-home-security-and-safety-mixed-conditions-wyze/945452,2026-08-24T12:28:40Z
WYZECL,Wyze,"Wyze WYZECL Cam Spotlight, Spotlight Kit for Wyze Cam v3 1080p HD Security Camera",Electronics -> Security & Surveillance,859696007912,859696007912,1,1,3,GRADE A,945447,https://www.directliquidation.com/p/945447-1-parcel-box-96-pcs-security-and-surveillance-mixed-conditions-wyze/945447,2026-08-24T12:28:40Z
WYZECMK,Wyze,"Wyze Cam Mounting Kit, Metal Plate with Adhesive Tape and Screws, 11-Foot USB Extension Cable, White, WYZECMK",Electronics -> Cameras -> Accessories,859696007011,859696007011,1,1,1,Open Box Like New,945447,https://www.directliquidation.com/p/945447-1-parcel-box-96-pcs-security-and-surveillance-mixed-conditions-wyze/945447,2026-08-24T12:28:40Z
WYZECPAN3,Wyze,Wyze wyzecpan3 Cam Pan v3 Indoor/Outdoor Wireless 1080p PTZ Security Camera - WHITE,Electronics -> Security & Surveillance,810083471822,810083471822,3,5,38,GRADE A;GRADE B;GRADE C;GRADE D,945441;945451;945452,https://www.directliquidation.com/p/945441-1-parcel-box-95-pcs-security-and-surveillance-mixed-conditions-wyze/945441;https://www.directliquidation.com/p/945451-1-parcel-box-28-pcs-security-and-surveillance-mixed-conditions-wyze/945451;https://www.directliquidation.com/p/945452-1-parcel-box-78-pcs-security-and-surveillance-home-security-and-safety-mixed-conditions-wyze/945452,2026-08-24T12:28:40Z
WYZECPAN3_BK,Wyze,Wyze WYZECPAN3_BK Pan v3 Indoor/Outdoor Pan/Tilt/Zoom 1080p Security Camera - Black,Electronics -> Security & Surveillance,810083472782,810083472782,2,3,28,GRADE A;GRADE B,945441;945452,https://www.directliquidation.com/p/945441-1-parcel-box-95-pcs-security-and-surveillance-mixed-conditions-wyze/945441;https://www.directliquidation.com/p/945452-1-parcel-box-78-pcs-security-and-surveillance-home-security-and-safety-mixed-conditions-wyze/945452,2026-08-24T12:28:40Z
WYZECPAN3CP3,Wyze,"Wyze Cam Pan V3 Indoor/Outdoor IP65 Weather-Resistant 1080p Pan Tilt Zoom Security Camera with Color Night Vision, Two-Way Audio, Advanced Motion Tracking",Home -> Home Security & Safety,810083472478,810083472478,3,3,4,New;Open Box Like New,945437;945440;945443,https://www.directliquidation.com/p/945437-1-parcel-box-24-pcs-security-and-surveillance-home-security-and-safety-mixed-conditions-wyze/945437;https://www.directliquidation.com/p/945440-1-parcel-box-39-pcs-security-and-surveillance-home-security-and-safety-mixed-conditions-wyze/945440;https://www.directliquidation.com/p/945443-1-parcel-box-34-pcs-security-and-surveillance-mixed-conditions-wyze/945443,2026-08-24T12:28:40Z
WYZECUSBAEC,Wyze,"Wyze USB Extension Cable, 20ft, Weather-Resistant IP67, Compatible with Wyze Cam v2/v3/Pan Series/Floodlight, White",Electronics -> Cameras -> Accessories,810083472539,810083472539,1,2,8,Like New;Open Box Like New,945447,https://www.directliquidation.com/p/945447-1-parcel-box-96-pcs-security-and-surveillance-mixed-conditions-wyze/945447,2026-08-24T12:28:40Z
WYZEDBCD,Wyze,Dual Battery Charging Dock,Electronics -> Cameras -> Accessories,810083470740,810083470740,1,2,6,Open Box Like New;Used,945447,https://www.directliquidation.com/p/945447-1-parcel-box-96-pcs-security-and-surveillance-mixed-conditions-wyze/945447,2026-08-24T12:28:40Z
WYZELS2,Wyze,"Wyze Lamp Socket v2 Power Adapter for Wyze Cam v3, v3 Pro, v4, OG, Pan v3, Motion-Activated, Dusk-to-Dawn, Outdoor Light Fixture",Home Improvement -> Light Bulbs -> Smart,810083474748,810083474748,3,4,8,New;Open Box Like New,945439;945440;945451,https://www.directliquidation.com/p/945439-1-parcel-box-30-pcs-security-and-surveillance-home-security-and-safety-mixed-conditions-wyze/945439;https://www.directliquidation.com/p/945440-1-parcel-box-39-pcs-security-and-surveillance-home-security-and-safety-mixed-conditions-wyze/945440;https://www.directliquidation.com/p/945451-1-parcel-box-28-pcs-security-and-surveillance-mixed-conditions-wyze/945451,2026-08-24T12:28:40Z
WYZEMSD128C10,Wyze,"Wyze Expandable Storage 128GB MicroSDXC Card Class 10, UHS-3, Black",Electronics -> Cameras -> Accessories,810083471198,810083471198,1,1,1,Open Box Like New,945447,https://www.directliquidation.com/p/945447-1-parcel-box-96-pcs-security-and-surveillance-mixed-conditions-wyze/945447,2026-08-24T12:28:40Z
WYZEMSD256C10,Wyze,"Wyze WYZEMSD256C10 256GB MicroSDXC Card, Class 10 UHS-3, High-Speed, Waterproof, Black",Electronics -> Computers -> FlashDrives/SD/Storage Media,810083471204,810083471204,1,1,1,GRADE A,945447,https://www.directliquidation.com/p/945447-1-parcel-box-96-pcs-security-and-surveillance-mixed-conditions-wyze/945447,2026-08-24T12:28:40Z
WYZEMSD32C10,Wyze,Wyze Expandable Storage 32GB MicroSDHC Card Class 10 Black WYZEMSD32C10,Electronics -> Cameras -> Accessories,859696007035,859696007035,1,2,4,Like New;Open Box Like New,945447,https://www.directliquidation.com/p/945447-1-parcel-box-96-pcs-security-and-surveillance-mixed-conditions-wyze/945447,2026-08-24T12:28:40Z
WYZEOPAV3,Wyze,"Wyze Outdoor Power Adapter, IP67 Weather-Resistant, 12.5-Foot Cable, L-Shaped Micro-USB and USB-C Adapters, White, WYZEOPAV3",Electronics -> Cameras -> Accessories,810083473994,810083473994,1,2,3,Open Box Like New;Used,945447,https://www.directliquidation.com/p/945447-1-parcel-box-96-pcs-security-and-surveillance-mixed-conditions-wyze/945447,2026-08-24T12:28:40Z
WYZESLS31,Wyze,"Wyze Leak Sensor 3 Pack with Single Ultra-Thin Probe, Indoor Water Leak Detection, 18-Month Battery Life, 500 ft Range",Home -> Home Security & Safety,850025015660,850025015660,1,1,1,Open Box Like New,945438,https://www.directliquidation.com/p/945438-1-parcel-box-36-pcs-security-and-surveillance-home-security-and-safety-mixed-conditions-wyze/945438,2026-08-24T12:28:40Z
WYZESYS,Wyze,"Wyze Security Yard Sign, Durable Aluminum, Weatherproof, Fade-Resistant, Navy Blue and White",Home -> Home Security & Safety,810083473635,810083473635,1,1,1,Used,945441,https://www.directliquidation.com/p/945441-1-parcel-box-95-pcs-security-and-surveillance-mixed-conditions-wyze/945441,2026-08-24T12:28:40Z
WYZEWMV2,Wyze,"Wyze WYZEWMV2 Window Mount for Wyze Cam OG, v3, v3 Pro, and v4, Black, Adjustable Glare-Free Glass Mount, Pack of 1",Electronics -> Cameras -> Accessories,810083472713,810083472713,5,6,9,Like New;Open Box Like New,945437;945438;945440;945442;945452,https://www.directliquidation.com/p/945437-1-parcel-box-24-pcs-security-and-surveillance-home-security-and-safety-mixed-conditions-wyze/945437;https://www.directliquidation.com/p/945438-1-parcel-box-36-pcs-security-and-surveillance-home-security-and-safety-mixed-conditions-wyze/945438;https://www.directliquidation.com/p/945440-1-parcel-box-39-pcs-security-and-surveillance-home-security-and-safety-mixed-conditions-wyze/945440;https://www.directliquidation.com/p/945442-1-parcel-box-27-pcs-security-and-surveillance-home-security-and-safety-mixed-conditions-wyze/945442;https://www.directliquidation.com/p/945452-1-parcel-box-78-pcs-security-and-surveillance-home-security-and-safety-mixed-conditions-wyze/945452,2026-08-24T12:28:40Z
