source,lot_id,lot_url,lot_ask_price_usd,lot_units,lot_condition,manifest_accuracy_risk_pct,line_manufacturer,line_title,line_category,line_model,line_condition,line_upc,line_quantity,line_retail_price_usd,frozen_brand,frozen_mpn,identity_status,audited_at
Direct Liquidation,945452,https://www.directliquidation.com/p/945452-1-parcel-box-78-pcs-security-and-surveillance-home-security-and-safety-mixed-conditions-wyze/945452,1088.08,78,Mixed,15,Wyze,"Wyze WYZEWMV2 Window Mount for Wyze Cam OG, v3, v3 Pro, and v4, Black, Adjustable Glare-Free Glass Mount, Pack of 1",Electronics -> Cameras -> Accessories,WYZEWMV2,Open Box Like New,810083472713,2,10.32,,,NOT_IN_FROZEN_UNIVERSE,2026-08-24T12:28:40Z
Direct Liquidation,945452,https://www.directliquidation.com/p/945452-1-parcel-box-78-pcs-security-and-surveillance-home-security-and-safety-mixed-conditions-wyze/945452,1088.08,78,Mixed,15,Wyze,"Wyze WLPS1-RB Smart 15 Amp Programmable Touch and Push Button Light Switch, White 1-Pack",Home Improvement -> Hardware,WLPS1-RB,Open Box Like New,810083470436,1,14.98,,,NOT_IN_FROZEN_UNIVERSE,2026-08-24T12:28:40Z
Direct Liquidation,945452,https://www.directliquidation.com/p/945452-1-parcel-box-78-pcs-security-and-surveillance-home-security-and-safety-mixed-conditions-wyze/945452,1088.08,78,Mixed,15,Wyze,"Wyze WLPS1-RB Smart 15 Amp Programmable Touch and Push Button Light Switch, White 1-Pack",Home Improvement -> Hardware,WLPS1-RB,Like New,810083470436,1,14.98,,,NOT_IN_FROZEN_UNIVERSE,2026-08-24T12:28:40Z
Direct Liquidation,945452,https://www.directliquidation.com/p/945452-1-parcel-box-78-pcs-security-and-surveillance-home-security-and-safety-mixed-conditions-wyze/945452,1088.08,78,Mixed,15,Wyze,"Wyze Cam OG Telephoto Indoor/Outdoor 1080p Wi-Fi Smart Security Camera with 3X Optical Zoom, Color Night Vision, Motion and Sound Detection, Two-Way Audio, White",Electronics -> Security & Surveillance,WYZECGT,GRADE A,810083471594,1,25.98,,,NOT_IN_FROZEN_UNIVERSE,2026-08-24T12:28:40Z
Direct Liquidation,945452,https://www.directliquidation.com/p/945452-1-parcel-box-78-pcs-security-and-surveillance-home-security-and-safety-mixed-conditions-wyze/945452,1088.08,78,Mixed,15,Wyze,"Wyze Sense Entry Sensor 3-Pack, Wireless Door and Window Security Sensors, White",Home -> Home Security & Safety,WSES2-3PK,Open Box Like New,850025015271,3,27.97,,,NOT_IN_FROZEN_UNIVERSE,2026-08-24T12:28:40Z
Direct Liquidation,945452,https://www.directliquidation.com/p/945452-1-parcel-box-78-pcs-security-and-surveillance-home-security-and-safety-mixed-conditions-wyze/945452,1088.08,78,Mixed,15,Wyze,"Wyze Wyzec4 Cam v4, 2.5K HD WiFi Smart Home Indoor/Outdoor Security Camera, Black",Electronics -> Security & Surveillance,WYZEC4,GRADE A,810083473680,1,25.98,,,NOT_IN_FROZEN_UNIVERSE,2026-08-24T12:28:40Z
Direct Liquidation,945452,https://www.directliquidation.com/p/945452-1-parcel-box-78-pcs-security-and-surveillance-home-security-and-safety-mixed-conditions-wyze/945452,1088.08,78,Mixed,15,Wyze,Wyze WYZECPAN3_BK Pan v3 Indoor/Outdoor Pan/Tilt/Zoom 1080p Security Camera - Black,Electronics -> Security & Surveillance,WYZECPAN3_BK,GRADE A,810083472782,19,39.98,,,NOT_IN_FROZEN_UNIVERSE,2026-08-24T12:28:40Z
Direct Liquidation,945452,https://www.directliquidation.com/p/945452-1-parcel-box-78-pcs-security-and-surveillance-home-security-and-safety-mixed-conditions-wyze/945452,1088.08,78,Mixed,15,Wyze,Wyze wyzecpan3 Cam Pan v3 Indoor/Outdoor Wireless 1080p PTZ Security Camera - WHITE,Electronics -> Security & Surveillance,WYZECPAN3,GRADE A,810083471822,21,39.98,,,NOT_IN_FROZEN_UNIVERSE,2026-08-24T12:28:40Z
Direct Liquidation,945452,https://www.directliquidation.com/p/945452-1-parcel-box-78-pcs-security-and-surveillance-home-security-and-safety-mixed-conditions-wyze/945452,1088.08,78,Mixed,15,Wyze,Wyze WYZECPAN3_BK Pan v3 Indoor/Outdoor Pan/Tilt/Zoom 1080p Security Camera - Black,Electronics -> Security & Surveillance,WYZECPAN3_BK,GRADE B,810083472782,1,39.98,,,NOT_IN_FROZEN_UNIVERSE,2026-08-24T12:28:40Z
Direct Liquidation,945452,https://www.directliquidation.com/p/945452-1-parcel-box-78-pcs-security-and-surveillance-home-security-and-safety-mixed-conditions-wyze/945452,1088.08,78,Mixed,15,Wyze,"Wyze Wired IP65 Weather Resistant Video Doorbell, Black",Electronics -> Security & Surveillance,Wired IP65 Weather Resistant Video Doorbell,GRADE A,810083472744,23,44.94,,,NOT_IN_FROZEN_UNIVERSE,2026-08-24T12:28:40Z
Direct Liquidation,945452,https://www.directliquidation.com/p/945452-1-parcel-box-78-pcs-security-and-surveillance-home-security-and-safety-mixed-conditions-wyze/945452,1088.08,78,Mixed,15,Wyze,"Wyze Bulb Cam 2K HD Security Camera with Color Night Vision, Dimmable 800 Lumen LED Bulb, Motion Detection, Siren Alarm, Local MicroSD Storage, White",Electronics -> Security & Surveillance,WYZEC-BC,GRADE A,810083474830,5,49.98,,,NOT_IN_FROZEN_UNIVERSE,2026-08-24T12:28:40Z
Direct Liquidation,945451,https://www.directliquidation.com/p/945451-1-parcel-box-28-pcs-security-and-surveillance-mixed-conditions-wyze/945451,315.08,28,Mixed,15,Wyze,Wyze WSLSP2 Sense Leak Sensor Probe (2-Pack),Home -> Home Security & Safety,WSLSP2,Open Box Like New,850025015677,1,13.98,,,NOT_IN_FROZEN_UNIVERSE,2026-08-24T12:28:40Z
Direct Liquidation,945451,https://www.directliquidation.com/p/945451-1-parcel-box-28-pcs-security-and-surveillance-mixed-conditions-wyze/945451,315.08,28,Mixed,15,Wyze,"Wyze Lamp Socket v2 Power Adapter for Wyze Cam v3, v3 Pro, v4, OG, Pan v3, Motion-Activated, Dusk-to-Dawn, Outdoor Light Fixture",Home Improvement -> Light Bulbs -> Smart,WYZELS2,Open Box Like New,810083474748,1,16.98,,,NOT_IN_FROZEN_UNIVERSE,2026-08-24T12:28:40Z
Direct Liquidation,945451,https://www.directliquidation.com/p/945451-1-parcel-box-28-pcs-security-and-surveillance-mixed-conditions-wyze/945451,315.08,28,Mixed,15,Wyze,"Wyze Cam OG Wired Indoor/Outdoor 1080p Full HD Security Camera with Color Night Vision, Built-in Spotlight, Mini-Siren, Two-Way Audio, Black",Home -> Home Security & Safety,WYZECGSB,Open Box Like New,810083472737,2,29.77,,,NOT_IN_FROZEN_UNIVERSE,2026-08-24T12:28:40Z
Direct Liquidation,945451,https://www.directliquidation.com/p/945451-1-parcel-box-28-pcs-security-and-surveillance-mixed-conditions-wyze/945451,315.08,28,Mixed,15,Wyze,"Wyze Cam OG Wired Indoor/Outdoor 1080p Full HD Security Camera with Color Night Vision, Built-in Spotlight, Mini-Siren, Two-Way Audio, Black",Home -> Home Security & Safety,WYZECGSB,Used,810083472737,3,29.77,,,NOT_IN_FROZEN_UNIVERSE,2026-08-24T12:28:40Z
Direct Liquidation,945451,https://www.directliquidation.com/p/945451-1-parcel-box-28-pcs-security-and-surveillance-mixed-conditions-wyze/945451,315.08,28,Mixed,15,Wyze,Wyze WYZEC3L Cam v3 1080P Indoor/Outdoor Security Cameras Color Night Vision,Electronics -> Security & Surveillance,WYZEC3L,GRADE A,850025015356,1,26.99,,,NOT_IN_FROZEN_UNIVERSE,2026-08-24T12:28:40Z
Direct Liquidation,945451,https://www.directliquidation.com/p/945451-1-parcel-box-28-pcs-security-and-surveillance-mixed-conditions-wyze/945451,315.08,28,Mixed,15,Wyze,"Wyze Wyzec4 Cam v4, 2.5K HD WiFi Smart Home Indoor/Outdoor Security Camera, Black",Electronics -> Security & Surveillance,WYZEC4,GRADE A,810083473680,8,25.98,,,NOT_IN_FROZEN_UNIVERSE,2026-08-24T12:28:40Z
Direct Liquidation,945451,https://www.directliquidation.com/p/945451-1-parcel-box-28-pcs-security-and-surveillance-mixed-conditions-wyze/945451,315.08,28,Mixed,15,Wyze,"Wyze Cam v4 Smart Home Security Camera, 2.5K QHD, Enhanced Color Night Vision, Motion-Activated Spotlight and Siren, IP65 Weather Resistant, Wired, Gray",Home -> Home Security & Safety,WYZEC4,Open Box Like New,810083473581,5,35.98,,,NOT_IN_FROZEN_UNIVERSE,2026-08-24T12:28:40Z
Direct Liquidation,945451,https://www.directliquidation.com/p/945451-1-parcel-box-28-pcs-security-and-surveillance-mixed-conditions-wyze/945451,315.08,28,Mixed,15,Wyze,"Wyze Cam v4 Smart Home Security Camera, 2.5K QHD, Enhanced Color Night Vision, Motion-Activated Spotlight and Siren, IP65 Weather Resistant, Wired, Gray",Home -> Home Security & Safety,WYZEC4,Used,810083473581,1,35.98,,,NOT_IN_FROZEN_UNIVERSE,2026-08-24T12:28:40Z
Direct Liquidation,945451,https://www.directliquidation.com/p/945451-1-parcel-box-28-pcs-security-and-surveillance-mixed-conditions-wyze/945451,315.08,28,Mixed,15,Wyze,Wyze wyzecpan3 Cam Pan v3 Indoor/Outdoor Wireless 1080p PTZ Security Camera - WHITE,Electronics -> Security & Surveillance,WYZECPAN3,GRADE C,810083471822,2,39.98,,,NOT_IN_FROZEN_UNIVERSE,2026-08-24T12:28:40Z
Direct Liquidation,945451,https://www.directliquidation.com/p/945451-1-parcel-box-28-pcs-security-and-surveillance-mixed-conditions-wyze/945451,315.08,28,Mixed,15,Wyze,Wyze wyzecpan3 Cam Pan v3 Indoor/Outdoor Wireless 1080p PTZ Security Camera - WHITE,Electronics -> Security & Surveillance,WYZECPAN3,GRADE D,810083471822,1,39.98,,,NOT_IN_FROZEN_UNIVERSE,2026-08-24T12:28:40Z
Direct Liquidation,945451,https://www.directliquidation.com/p/945451-1-parcel-box-28-pcs-security-and-surveillance-mixed-conditions-wyze/945451,315.08,28,Mixed,15,Wyze,Wyze Duo Cam Pan White,Electronics -> Security & Surveillance,WYZEC-DUO-WH,GRADE A,810083474434,3,49.98,,,NOT_IN_FROZEN_UNIVERSE,2026-08-24T12:28:40Z
Direct Liquidation,945447,https://www.directliquidation.com/p/945447-1-parcel-box-96-pcs-security-and-surveillance-mixed-conditions-wyze/945447,811.00,96,Mixed,15,Wyze,"Wyze Cam Mounting Kit, Metal Plate with Adhesive Tape and Screws, 11-Foot USB Extension Cable, White, WYZECMK",Electronics -> Cameras -> Accessories,WYZECMK,Open Box Like New,859696007011,1,10.48,,,NOT_IN_FROZEN_UNIVERSE,2026-08-24T12:28:40Z
Direct Liquidation,945447,https://www.directliquidation.com/p/945447-1-parcel-box-96-pcs-security-and-surveillance-mixed-conditions-wyze/945447,811.00,96,Mixed,15,Wyze,Wyze Expandable Storage 32GB MicroSDHC Card Class 10 Black WYZEMSD32C10,Electronics -> Cameras -> Accessories,WYZEMSD32C10,Open Box Like New,859696007035,3,12.21,,,NOT_IN_FROZEN_UNIVERSE,2026-08-24T12:28:40Z
Direct Liquidation,945447,https://www.directliquidation.com/p/945447-1-parcel-box-96-pcs-security-and-surveillance-mixed-conditions-wyze/945447,811.00,96,Mixed,15,Wyze,Wyze Expandable Storage 32GB MicroSDHC Card Class 10 Black WYZEMSD32C10,Electronics -> Cameras -> Accessories,WYZEMSD32C10,Like New,859696007035,1,12.21,,,NOT_IN_FROZEN_UNIVERSE,2026-08-24T12:28:40Z
Direct Liquidation,945447,https://www.directliquidation.com/p/945447-1-parcel-box-96-pcs-security-and-surveillance-mixed-conditions-wyze/945447,811.00,96,Mixed,15,Wyze,"Wyze USB Extension Cable, 20ft, Weather-Resistant IP67, Compatible with Wyze Cam v2/v3/Pan Series/Floodlight, White",Electronics -> Cameras -> Accessories,WYZECUSBAEC,Open Box Like New,810083472539,6,13.98,,,NOT_IN_FROZEN_UNIVERSE,2026-08-24T12:28:40Z
Direct Liquidation,945447,https://www.directliquidation.com/p/945447-1-parcel-box-96-pcs-security-and-surveillance-mixed-conditions-wyze/945447,811.00,96,Mixed,15,Wyze,"Wyze Outdoor Power Adapter, IP67 Weather-Resistant, 12.5-Foot Cable, L-Shaped Micro-USB and USB-C Adapters, White, WYZEOPAV3",Electronics -> Cameras -> Accessories,WYZEOPAV3,Open Box Like New,810083473994,2,13.73,,,NOT_IN_FROZEN_UNIVERSE,2026-08-24T12:28:40Z
Direct Liquidation,945447,https://www.directliquidation.com/p/945447-1-parcel-box-96-pcs-security-and-surveillance-mixed-conditions-wyze/945447,811.00,96,Mixed,15,Wyze,"Wyze Outdoor Power Adapter, IP67 Weather-Resistant, 12.5-Foot Cable, L-Shaped Micro-USB and USB-C Adapters, White, WYZEOPAV3",Electronics -> Cameras -> Accessories,WYZEOPAV3,Used,810083473994,1,13.73,,,NOT_IN_FROZEN_UNIVERSE,2026-08-24T12:28:40Z
Direct Liquidation,945447,https://www.directliquidation.com/p/945447-1-parcel-box-96-pcs-security-and-surveillance-mixed-conditions-wyze/945447,811.00,96,Mixed,15,Wyze,"Wyze USB Extension Cable, 20ft, Weather-Resistant IP67, Compatible with Wyze Cam v2/v3/Pan Series/Floodlight, White",Electronics -> Cameras -> Accessories,WYZECUSBAEC,Like New,810083472539,2,13.98,,,NOT_IN_FROZEN_UNIVERSE,2026-08-24T12:28:40Z
Direct Liquidation,945447,https://www.directliquidation.com/p/945447-1-parcel-box-96-pcs-security-and-surveillance-mixed-conditions-wyze/945447,811.00,96,Mixed,15,Wyze,"Wyze WYZEBF-L-SZ Macro Close-Up Lens for Wyze Cam v3/v4, Outdoor v1/v2, Battery Cam Pro, Black",Electronics -> Cameras -> Accessories,WYZEBF-L-SZ,Open Box Like New,810083474854,2,14.98,,,NOT_IN_FROZEN_UNIVERSE,2026-08-24T12:28:40Z
Direct Liquidation,945447,https://www.directliquidation.com/p/945447-1-parcel-box-96-pcs-security-and-surveillance-mixed-conditions-wyze/945447,811.00,96,Mixed,15,Wyze,Dual Battery Charging Dock,Electronics -> Cameras -> Accessories,WYZEDBCD,Open Box Like New,810083470740,5,16.37,,,NOT_IN_FROZEN_UNIVERSE,2026-08-24T12:28:40Z
Direct Liquidation,945447,https://www.directliquidation.com/p/945447-1-parcel-box-96-pcs-security-and-surveillance-mixed-conditions-wyze/945447,811.00,96,Mixed,15,Wyze,Dual Battery Charging Dock,Electronics -> Cameras -> Accessories,WYZEDBCD,Used,810083470740,1,16.37,,,NOT_IN_FROZEN_UNIVERSE,2026-08-24T12:28:40Z
Direct Liquidation,945447,https://www.directliquidation.com/p/945447-1-parcel-box-96-pcs-security-and-surveillance-mixed-conditions-wyze/945447,811.00,96,Mixed,15,Wyze,"Wyze WYZECL Cam Spotlight, Spotlight Kit for Wyze Cam v3 1080p HD Security Camera",Electronics -> Security & Surveillance,WYZECL,GRADE A,859696007912,3,16.79,,,NOT_IN_FROZEN_UNIVERSE,2026-08-24T12:28:40Z
Direct Liquidation,945447,https://www.directliquidation.com/p/945447-1-parcel-box-96-pcs-security-and-surveillance-mixed-conditions-wyze/945447,811.00,96,Mixed,15,Wyze,Wyze Cam Floodlight Plug-in Mount Black,Electronics -> Cameras -> Accessories,WYZECFLPIMBL,Open Box Like New,810083474472,3,16.54,,,NOT_IN_FROZEN_UNIVERSE,2026-08-24T12:28:40Z
Direct Liquidation,945447,https://www.directliquidation.com/p/945447-1-parcel-box-96-pcs-security-and-surveillance-mixed-conditions-wyze/945447,811.00,96,Mixed,15,Wyze,Wyze Cam Floodlight Plug-in Mount Black,Electronics -> Cameras -> Accessories,WYZECFLPIMBL,Like New,810083474472,1,16.54,,,NOT_IN_FROZEN_UNIVERSE,2026-08-24T12:28:40Z
Direct Liquidation,945447,https://www.directliquidation.com/p/945447-1-parcel-box-96-pcs-security-and-surveillance-mixed-conditions-wyze/945447,811.00,96,Mixed,15,Wyze,Wyze Floodlight Cam Plug-In Mount with 20ft Weather-Resistant Power Cable for Wyze Floodlight Cameras v1 v2 Pro White WYZECFLPIMWH,Electronics -> Cameras -> Accessories,WYZECFLPIMWH,Like New,810083474465,3,19.98,,,NOT_IN_FROZEN_UNIVERSE,2026-08-24T12:28:40Z
Direct Liquidation,945447,https://www.directliquidation.com/p/945447-1-parcel-box-96-pcs-security-and-surveillance-mixed-conditions-wyze/945447,811.00,96,Mixed,15,Wyze,"Wyze Expandable Storage 128GB MicroSDXC Card Class 10, UHS-3, Black",Electronics -> Cameras -> Accessories,WYZEMSD128C10,Open Box Like New,810083471198,1,14.95,,,NOT_IN_FROZEN_UNIVERSE,2026-08-24T12:28:40Z
Direct Liquidation,945447,https://www.directliquidation.com/p/945447-1-parcel-box-96-pcs-security-and-surveillance-mixed-conditions-wyze/945447,811.00,96,Mixed,15,Wyze,Wyze WBAT2 Removable Battery Pack v2 - Single Pack (BCP),Electronics -> Security & Surveillance,WBAT2,GRADE A,810083474731,20,28.98,,,NOT_IN_FROZEN_UNIVERSE,2026-08-24T12:28:40Z
Direct Liquidation,945447,https://www.directliquidation.com/p/945447-1-parcel-box-96-pcs-security-and-surveillance-mixed-conditions-wyze/945447,811.00,96,Mixed,15,Wyze,Wyze WSP2W Solar Panel for Wyze Outdoor Wireless Security Camera,Electronics -> Security & Surveillance,WSP2W,GRADE A,850025015301,39,28.98,,,NOT_IN_FROZEN_UNIVERSE,2026-08-24T12:28:40Z
Direct Liquidation,945447,https://www.directliquidation.com/p/945447-1-parcel-box-96-pcs-security-and-surveillance-mixed-conditions-wyze/945447,811.00,96,Mixed,15,Wyze,"Wyze WYZEMSD256C10 256GB MicroSDXC Card, Class 10 UHS-3, High-Speed, Waterproof, Black",Electronics -> Computers -> FlashDrives/SD/Storage Media,WYZEMSD256C10,GRADE A,810083471204,1,35.98,,,NOT_IN_FROZEN_UNIVERSE,2026-08-24T12:28:40Z
Direct Liquidation,945447,https://www.directliquidation.com/p/945447-1-parcel-box-96-pcs-security-and-surveillance-mixed-conditions-wyze/945447,811.00,96,Mixed,15,Wyze,"WYZE WYZEBF Bird Feeder Camera Case Compatible with Wyze Battery Camera Pro, Blue and Orange",Electronics -> Cameras -> Accessories,WYZEBF,Open Box Like New,810083474106,1,39.98,,,NOT_IN_FROZEN_UNIVERSE,2026-08-24T12:28:40Z
Direct Liquidation,945443,https://www.directliquidation.com/p/945443-1-parcel-box-34-pcs-security-and-surveillance-mixed-conditions-wyze/945443,331.89,34,Mixed,15,Wyze,Wyze WLPPO1-1 Outdoor Smart Plug with Dual Outlets,Home Improvement -> Hardware,WLPPO1-1,Used,859696007660,1,16.98,,,NOT_IN_FROZEN_UNIVERSE,2026-08-24T12:28:40Z
Direct Liquidation,945443,https://www.directliquidation.com/p/945443-1-parcel-box-34-pcs-security-and-surveillance-mixed-conditions-wyze/945443,331.89,34,Mixed,15,Wyze,"Wyze WLPS1_CA Smart Programmable 15 Amp Touch and Push Button Light Switch, White",Home Improvement -> Hardware,WLPS1_CA,Open Box Like New,810083470955,3,14.44,,,NOT_IN_FROZEN_UNIVERSE,2026-08-24T12:28:40Z
Direct Liquidation,945443,https://www.directliquidation.com/p/945443-1-parcel-box-34-pcs-security-and-surveillance-mixed-conditions-wyze/945443,331.89,34,Mixed,15,Wyze,Wyze Motion Sensor WSMS2 Wireless Home Security Sensor White 1 Pack,Home -> Home Security & Safety,WSMS2,Open Box Like New,850025015288,2,14.98,,,NOT_IN_FROZEN_UNIVERSE,2026-08-24T12:28:40Z
Direct Liquidation,945443,https://www.directliquidation.com/p/945443-1-parcel-box-34-pcs-security-and-surveillance-mixed-conditions-wyze/945443,331.89,34,Mixed,15,Wyze,Wyze WiFi Chime,Home -> Home Security & Safety,WCHIM,Open Box Like New,810083474564,1,19.98,,,NOT_IN_FROZEN_UNIVERSE,2026-08-24T12:28:40Z
Direct Liquidation,945443,https://www.directliquidation.com/p/945443-1-parcel-box-34-pcs-security-and-surveillance-mixed-conditions-wyze/945443,331.89,34,Mixed,15,Wyze,Wyze WYZEC3L Cam v3 1080P Indoor/Outdoor Security Cameras Color Night Vision,Electronics -> Security & Surveillance,WYZEC3L,GRADE B,850025015356,1,26.99,,,NOT_IN_FROZEN_UNIVERSE,2026-08-24T12:28:40Z
Direct Liquidation,945443,https://www.directliquidation.com/p/945443-1-parcel-box-34-pcs-security-and-surveillance-mixed-conditions-wyze/945443,331.89,34,Mixed,15,Wyze,"Wyze Sense Entry Sensor 3-Pack, Wireless Door and Window Security Sensors, White",Home -> Home Security & Safety,WSES2-3PK,Open Box Like New,850025015271,1,27.97,,,NOT_IN_FROZEN_UNIVERSE,2026-08-24T12:28:40Z
Direct Liquidation,945443,https://www.directliquidation.com/p/945443-1-parcel-box-34-pcs-security-and-surveillance-mixed-conditions-wyze/945443,331.89,34,Mixed,15,Wyze,Wyze WYZEC3 Cam 1080p HD Indoor WiFi Smart Home Camera with Night Vision,Electronics -> Security & Surveillance,WYZEC3,GRADE A,859696007806,1,25.98,,,NOT_IN_FROZEN_UNIVERSE,2026-08-24T12:28:40Z
Direct Liquidation,945443,https://www.directliquidation.com/p/945443-1-parcel-box-34-pcs-security-and-surveillance-mixed-conditions-wyze/945443,331.89,34,Mixed,15,Wyze,"Wyze Wyzec4 Cam v4, 2.5K HD WiFi Smart Home Indoor/Outdoor Security Camera, Black",Electronics -> Security & Surveillance,WYZEC4,GRADE A,810083473680,16,25.98,,,NOT_IN_FROZEN_UNIVERSE,2026-08-24T12:28:40Z
Direct Liquidation,945443,https://www.directliquidation.com/p/945443-1-parcel-box-34-pcs-security-and-surveillance-mixed-conditions-wyze/945443,331.89,34,Mixed,15,Wyze,"Wyze Cam v4 Smart Home Security Camera, 2.5K QHD, Enhanced Color Night Vision, Motion-Activated Spotlight and Siren, IP65 Weather Resistant, Wired, Gray",Home -> Home Security & Safety,WYZEC4,Used,810083473581,1,35.98,,,NOT_IN_FROZEN_UNIVERSE,2026-08-24T12:28:40Z
Direct Liquidation,945443,https://www.directliquidation.com/p/945443-1-parcel-box-34-pcs-security-and-surveillance-mixed-conditions-wyze/945443,331.89,34,Mixed,15,Wyze,"Wyze Cam v4 Smart Home Security Camera, 2.5K QHD, Enhanced Color Night Vision, Motion-Activated Spotlight and Siren, IP65 Weather Resistant, Wired, Gray",Home -> Home Security & Safety,WYZEC4,Open Box Like New,810083473581,2,35.98,,,NOT_IN_FROZEN_UNIVERSE,2026-08-24T12:28:40Z
Direct Liquidation,945443,https://www.directliquidation.com/p/945443-1-parcel-box-34-pcs-security-and-surveillance-mixed-conditions-wyze/945443,331.89,34,Mixed,15,Wyze,"Wyze Cam Pan V3 Indoor/Outdoor IP65 Weather-Resistant 1080p Pan Tilt Zoom Security Camera with Color Night Vision, Two-Way Audio, Advanced Motion Tracking",Home -> Home Security & Safety,WYZECPAN3CP3,Open Box Like New,810083472478,1,37.47,,,NOT_IN_FROZEN_UNIVERSE,2026-08-24T12:28:40Z
Direct Liquidation,945443,https://www.directliquidation.com/p/945443-1-parcel-box-34-pcs-security-and-surveillance-mixed-conditions-wyze/945443,331.89,34,Mixed,15,"Wyze Labs, Inc.","Wyze Cam V3 Pro 2K Indoor Outdoor Wi-Fi Security Camera with Color Night Vision, Motion-Activated Spotlight, Siren, Edge AI Person Detection, Two-Way Audio, White",Electronics -> Security & Surveillance,WYZEC3P,GRADE A,810083471334,2,48.15,,,NOT_IN_FROZEN_UNIVERSE,2026-08-24T12:28:40Z
Direct Liquidation,945443,https://www.directliquidation.com/p/945443-1-parcel-box-34-pcs-security-and-surveillance-mixed-conditions-wyze/945443,331.89,34,Mixed,15,Wyze,Wyze WCGDCB Smart Garage Door Opener w/Built-in HD Video,Electronics -> Security & Surveillance,WCGDCB,GRADE A,810083470917,2,49.98,,,NOT_IN_FROZEN_UNIVERSE,2026-08-24T12:28:40Z
Direct Liquidation,945442,https://www.directliquidation.com/p/945442-1-parcel-box-27-pcs-security-and-surveillance-home-security-and-safety-mixed-conditions-wyze/945442,302.37,27,Mixed,15,Wyze,"Wyze WYZEWMV2 Window Mount for Wyze Cam OG, v3, v3 Pro, and v4, Black, Adjustable Glare-Free Glass Mount, Pack of 1",Electronics -> Cameras -> Accessories,WYZEWMV2,Open Box Like New,810083472713,2,10.32,,,NOT_IN_FROZEN_UNIVERSE,2026-08-24T12:28:40Z
Direct Liquidation,945442,https://www.directliquidation.com/p/945442-1-parcel-box-27-pcs-security-and-surveillance-home-security-and-safety-mixed-conditions-wyze/945442,302.37,27,Mixed,15,Wyze,Wyze WLPPO1-1 Outdoor Smart Plug with Dual Outlets,Home Improvement -> Hardware,WLPPO1-1,Open Box Like New,859696007660,1,16.98,,,NOT_IN_FROZEN_UNIVERSE,2026-08-24T12:28:40Z
Direct Liquidation,945442,https://www.directliquidation.com/p/945442-1-parcel-box-27-pcs-security-and-surveillance-home-security-and-safety-mixed-conditions-wyze/945442,302.37,27,Mixed,15,Wyze,Wyze WiFi Chime,Home -> Home Security & Safety,WCHIM,Open Box Like New,810083474564,1,19.98,,,NOT_IN_FROZEN_UNIVERSE,2026-08-24T12:28:40Z
Direct Liquidation,945442,https://www.directliquidation.com/p/945442-1-parcel-box-27-pcs-security-and-surveillance-home-security-and-safety-mixed-conditions-wyze/945442,302.37,27,Mixed,15,Wyze,"Wyze Wyzec4 Cam v4, 2.5K HD WiFi Smart Home Indoor/Outdoor Security Camera, Black",Electronics -> Security & Surveillance,WYZEC4,GRADE A,810083473680,15,25.98,,,NOT_IN_FROZEN_UNIVERSE,2026-08-24T12:28:40Z
Direct Liquidation,945442,https://www.directliquidation.com/p/945442-1-parcel-box-27-pcs-security-and-surveillance-home-security-and-safety-mixed-conditions-wyze/945442,302.37,27,Mixed,15,Wyze,"Wyze Cam v4 Smart Home Security Camera, 2.5K QHD, Enhanced Color Night Vision, Motion-Activated Spotlight and Siren, IP65 Weather Resistant, Wired, Gray",Home -> Home Security & Safety,WYZEC4,Used,810083473581,1,35.98,,,NOT_IN_FROZEN_UNIVERSE,2026-08-24T12:28:40Z
Direct Liquidation,945442,https://www.directliquidation.com/p/945442-1-parcel-box-27-pcs-security-and-surveillance-home-security-and-safety-mixed-conditions-wyze/945442,302.37,27,Mixed,15,Wyze,"Wyze Cam v4 Smart Home Security Camera, 2.5K QHD, Enhanced Color Night Vision, Motion-Activated Spotlight and Siren, IP65 Weather Resistant, Wired, Gray",Home -> Home Security & Safety,WYZEC4,Open Box Like New,810083473581,2,35.98,,,NOT_IN_FROZEN_UNIVERSE,2026-08-24T12:28:40Z
Direct Liquidation,945442,https://www.directliquidation.com/p/945442-1-parcel-box-27-pcs-security-and-surveillance-home-security-and-safety-mixed-conditions-wyze/945442,302.37,27,Mixed,15,Wyze,Wyze WCGDCB Smart Garage Door Opener w/Built-in HD Video,Electronics -> Security & Surveillance,WCGDCB,GRADE A,810083470917,1,49.98,,,NOT_IN_FROZEN_UNIVERSE,2026-08-24T12:28:40Z
Direct Liquidation,945442,https://www.directliquidation.com/p/945442-1-parcel-box-27-pcs-security-and-surveillance-home-security-and-safety-mixed-conditions-wyze/945442,302.37,27,Mixed,15,Wyze,Wyze WSPRK1 Smart Controller 8-Zone WiFi 1 Year of Automatic Weather-Based Watering with Sprinkler Plus Black,Patio & Garden -> Gardening & Lawn Care -> Other,WSPRK1,Open Box Like New,859696007295,3,64.98,,,NOT_IN_FROZEN_UNIVERSE,2026-08-24T12:28:40Z
Direct Liquidation,945442,https://www.directliquidation.com/p/945442-1-parcel-box-27-pcs-security-and-surveillance-home-security-and-safety-mixed-conditions-wyze/945442,302.37,27,Mixed,15,Wyze,Wyze Duo Cam Doorbell Only (No Chime) Black,Electronics -> Security & Surveillance,WDCDOBL,GRADE A,810083474700,1,63.98,,,NOT_IN_FROZEN_UNIVERSE,2026-08-24T12:28:40Z
Direct Liquidation,945441,https://www.directliquidation.com/p/945441-1-parcel-box-95-pcs-security-and-surveillance-mixed-conditions-wyze/945441,1322.61,95,Mixed,15,Wyze,Wyze WiFi Chime,Home -> Home Security & Safety,WCHIM,Open Box Like New,810083474564,1,19.98,,,NOT_IN_FROZEN_UNIVERSE,2026-08-24T12:28:40Z
Direct Liquidation,945441,https://www.directliquidation.com/p/945441-1-parcel-box-95-pcs-security-and-surveillance-mixed-conditions-wyze/945441,1322.61,95,Mixed,15,Wyze,"Wyze Cam OG Telephoto Indoor/Outdoor 1080p Wi-Fi Smart Security Camera with 3X Optical Zoom, Color Night Vision, Motion and Sound Detection, Two-Way Audio, White",Electronics -> Security & Surveillance,WYZECGT,GRADE A,810083471594,3,25.98,,,NOT_IN_FROZEN_UNIVERSE,2026-08-24T12:28:40Z
Direct Liquidation,945441,https://www.directliquidation.com/p/945441-1-parcel-box-95-pcs-security-and-surveillance-mixed-conditions-wyze/945441,1322.61,95,Mixed,15,Wyze,Wyze WYZECGS Cam OG Indoor/Outdoor Wireless 1080p Security Camera - WHITE,Electronics -> Security & Surveillance,WYZECGS,GRADE A,810083471044,5,29.98,,,NOT_IN_FROZEN_UNIVERSE,2026-08-24T12:28:40Z
Direct Liquidation,945441,https://www.directliquidation.com/p/945441-1-parcel-box-95-pcs-security-and-surveillance-mixed-conditions-wyze/945441,1322.61,95,Mixed,15,Wyze,Wyze WYZEC3 Cam 1080p HD Indoor WiFi Smart Home Camera with Night Vision,Electronics -> Security & Surveillance,WYZEC3,GRADE A,859696007806,1,25.98,,,NOT_IN_FROZEN_UNIVERSE,2026-08-24T12:28:40Z
Direct Liquidation,945441,https://www.directliquidation.com/p/945441-1-parcel-box-95-pcs-security-and-surveillance-mixed-conditions-wyze/945441,1322.61,95,Mixed,15,Wyze,"Wyze Wyzec4 Cam v4, 2.5K HD WiFi Smart Home Indoor/Outdoor Security Camera, Black",Electronics -> Security & Surveillance,WYZEC4,GRADE A,810083473680,6,25.98,,,NOT_IN_FROZEN_UNIVERSE,2026-08-24T12:28:40Z
Direct Liquidation,945441,https://www.directliquidation.com/p/945441-1-parcel-box-95-pcs-security-and-surveillance-mixed-conditions-wyze/945441,1322.61,95,Mixed,15,Wyze,Wyze WYZEC4WH Cam V4 2.5K QHD WiFi Indoor/Outdoor Security Camera with Color Night Vision,Electronics -> Security & Surveillance,WYZEC4WH,GRADE A,810083473673,17,35.97,,,NOT_IN_FROZEN_UNIVERSE,2026-08-24T12:28:40Z
Direct Liquidation,945441,https://www.directliquidation.com/p/945441-1-parcel-box-95-pcs-security-and-surveillance-mixed-conditions-wyze/945441,1322.61,95,Mixed,15,Wyze,"Wyze Cam v4 Smart Home Security Camera, 2.5K QHD, Enhanced Color Night Vision, Motion-Activated Spotlight and Siren, IP65 Weather Resistant, Wired, Gray",Home -> Home Security & Safety,WYZEC4,Used,810083473581,1,35.98,,,NOT_IN_FROZEN_UNIVERSE,2026-08-24T12:28:40Z
Direct Liquidation,945441,https://www.directliquidation.com/p/945441-1-parcel-box-95-pcs-security-and-surveillance-mixed-conditions-wyze/945441,1322.61,95,Mixed,15,Wyze,"Wyze Cam v4 Smart Home Security Camera, 2.5K QHD, Enhanced Color Night Vision, Motion-Activated Spotlight and Siren, IP65 Weather Resistant, Wired, Gray",Home -> Home Security & Safety,WYZEC4,Open Box Like New,810083473581,4,35.98,,,NOT_IN_FROZEN_UNIVERSE,2026-08-24T12:28:40Z
Direct Liquidation,945441,https://www.directliquidation.com/p/945441-1-parcel-box-95-pcs-security-and-surveillance-mixed-conditions-wyze/945441,1322.61,95,Mixed,15,Wyze,Wyze WYZECPAN3_BK Pan v3 Indoor/Outdoor Pan/Tilt/Zoom 1080p Security Camera - Black,Electronics -> Security & Surveillance,WYZECPAN3_BK,GRADE A,810083472782,8,39.98,,,NOT_IN_FROZEN_UNIVERSE,2026-08-24T12:28:40Z
Direct Liquidation,945441,https://www.directliquidation.com/p/945441-1-parcel-box-95-pcs-security-and-surveillance-mixed-conditions-wyze/945441,1322.61,95,Mixed,15,Wyze,Wyze wyzecpan3 Cam Pan v3 Indoor/Outdoor Wireless 1080p PTZ Security Camera - WHITE,Electronics -> Security & Surveillance,WYZECPAN3,GRADE A,810083471822,13,39.98,,,NOT_IN_FROZEN_UNIVERSE,2026-08-24T12:28:40Z
Direct Liquidation,945441,https://www.directliquidation.com/p/945441-1-parcel-box-95-pcs-security-and-surveillance-mixed-conditions-wyze/945441,1322.61,95,Mixed,15,Wyze,"Wyze Security Yard Sign, Durable Aluminum, Weatherproof, Fade-Resistant, Navy Blue and White",Home -> Home Security & Safety,WYZESYS,Used,810083473635,1,40.00,,,NOT_IN_FROZEN_UNIVERSE,2026-08-24T12:28:40Z
Direct Liquidation,945441,https://www.directliquidation.com/p/945441-1-parcel-box-95-pcs-security-and-surveillance-mixed-conditions-wyze/945441,1322.61,95,Mixed,15,Wyze,Wyze wyzecpan3 Cam Pan v3 Indoor/Outdoor Wireless 1080p PTZ Security Camera - WHITE,Electronics -> Security & Surveillance,WYZECPAN3,GRADE B,810083471822,1,39.98,,,NOT_IN_FROZEN_UNIVERSE,2026-08-24T12:28:40Z
Direct Liquidation,945441,https://www.directliquidation.com/p/945441-1-parcel-box-95-pcs-security-and-surveillance-mixed-conditions-wyze/945441,1322.61,95,Mixed,15,Wyze,"Wyze Wired IP65 Weather Resistant Video Doorbell, Black",Electronics -> Security & Surveillance,Wired IP65 Weather Resistant Video Doorbell,GRADE A,810083472744,15,44.94,,,NOT_IN_FROZEN_UNIVERSE,2026-08-24T12:28:40Z
Direct Liquidation,945441,https://www.directliquidation.com/p/945441-1-parcel-box-95-pcs-security-and-surveillance-mixed-conditions-wyze/945441,1322.61,95,Mixed,15,Wyze,"Wyze Bulb Cam 2K HD Security Camera with Color Night Vision, Dimmable 800 Lumen LED Bulb, Motion Detection, Siren Alarm, Local MicroSD Storage, White",Electronics -> Security & Surveillance,WYZEC-BC,GRADE A,810083474830,18,49.98,,,NOT_IN_FROZEN_UNIVERSE,2026-08-24T12:28:40Z
Direct Liquidation,945441,https://www.directliquidation.com/p/945441-1-parcel-box-95-pcs-security-and-surveillance-mixed-conditions-wyze/945441,1322.61,95,Mixed,15,Wyze,Wyze WSPRK1 Smart Controller 8-Zone WiFi 1 Year of Automatic Weather-Based Watering with Sprinkler Plus Black,Patio & Garden -> Gardening & Lawn Care -> Other,WSPRK1,Open Box Like New,859696007295,1,64.98,,,NOT_IN_FROZEN_UNIVERSE,2026-08-24T12:28:40Z
Direct Liquidation,945440,https://www.directliquidation.com/p/945440-1-parcel-box-39-pcs-security-and-surveillance-home-security-and-safety-mixed-conditions-wyze/945440,351.41,39,Mixed,15,Wyze,"Wyze WYZEWMV2 Window Mount for Wyze Cam OG, v3, v3 Pro, and v4, Black, Adjustable Glare-Free Glass Mount, Pack of 1",Electronics -> Cameras -> Accessories,WYZEWMV2,Open Box Like New,810083472713,2,10.32,,,NOT_IN_FROZEN_UNIVERSE,2026-08-24T12:28:40Z
Direct Liquidation,945440,https://www.directliquidation.com/p/945440-1-parcel-box-39-pcs-security-and-surveillance-home-security-and-safety-mixed-conditions-wyze/945440,351.41,39,Mixed,15,Wyze,Wyze WLPPO1-1 Outdoor Smart Plug with Dual Outlets,Home Improvement -> Hardware,WLPPO1-1,New,859696007660,1,16.98,,,NOT_IN_FROZEN_UNIVERSE,2026-08-24T12:28:40Z
Direct Liquidation,945440,https://www.directliquidation.com/p/945440-1-parcel-box-39-pcs-security-and-surveillance-home-security-and-safety-mixed-conditions-wyze/945440,351.41,39,Mixed,15,Wyze,"Wyze WLPS1-RB Smart 15 Amp Programmable Touch and Push Button Light Switch, White 1-Pack",Home Improvement -> Hardware,WLPS1-RB,New,810083470436,1,14.98,,,NOT_IN_FROZEN_UNIVERSE,2026-08-24T12:28:40Z
Direct Liquidation,945440,https://www.directliquidation.com/p/945440-1-parcel-box-39-pcs-security-and-surveillance-home-security-and-safety-mixed-conditions-wyze/945440,351.41,39,Mixed,15,Hualai,"Hualai Wyze Sense Hub, Built-in Rechargeable Battery, 10-Hour Backup, Compact Base Station, Security System Controller",Home -> Home Security & Safety,WSHB1,New,850025015240,1,15.49,,,NOT_IN_FROZEN_UNIVERSE,2026-08-24T12:28:40Z
Direct Liquidation,945440,https://www.directliquidation.com/p/945440-1-parcel-box-39-pcs-security-and-surveillance-home-security-and-safety-mixed-conditions-wyze/945440,351.41,39,Mixed,15,Wyze,"Wyze Lamp Socket v2 Power Adapter for Wyze Cam v3, v3 Pro, v4, OG, Pan v3, Motion-Activated, Dusk-to-Dawn, Outdoor Light Fixture",Home Improvement -> Light Bulbs -> Smart,WYZELS2,Open Box Like New,810083474748,2,16.98,,,NOT_IN_FROZEN_UNIVERSE,2026-08-24T12:28:40Z
Direct Liquidation,945440,https://www.directliquidation.com/p/945440-1-parcel-box-39-pcs-security-and-surveillance-home-security-and-safety-mixed-conditions-wyze/945440,351.41,39,Mixed,15,Wyze,"Wyze Lamp Socket v2 Power Adapter for Wyze Cam v3, v3 Pro, v4, OG, Pan v3, Motion-Activated, Dusk-to-Dawn, Outdoor Light Fixture",Home Improvement -> Light Bulbs -> Smart,WYZELS2,New,810083474748,3,16.98,,,NOT_IN_FROZEN_UNIVERSE,2026-08-24T12:28:40Z
Direct Liquidation,945440,https://www.directliquidation.com/p/945440-1-parcel-box-39-pcs-security-and-surveillance-home-security-and-safety-mixed-conditions-wyze/945440,351.41,39,Mixed,15,Wyze,Wyze WiFi Chime,Home -> Home Security & Safety,WCHIM,Used,810083474564,1,19.98,,,NOT_IN_FROZEN_UNIVERSE,2026-08-24T12:28:40Z
Direct Liquidation,945440,https://www.directliquidation.com/p/945440-1-parcel-box-39-pcs-security-and-surveillance-home-security-and-safety-mixed-conditions-wyze/945440,351.41,39,Mixed,15,Wyze,Wyze WYZECGS_CA Cam OG Wired Indoor Outdoor 1080p HD Smart Security Camera w/Built-In Spotlight,Home -> Home Security & Safety,WYZECGS_CA,New,810083471860,1,21.94,,,NOT_IN_FROZEN_UNIVERSE,2026-08-24T12:28:40Z
Direct Liquidation,945440,https://www.directliquidation.com/p/945440-1-parcel-box-39-pcs-security-and-surveillance-home-security-and-safety-mixed-conditions-wyze/945440,351.41,39,Mixed,15,Wyze,"Wyze Sense Entry Sensor 3-Pack, Wireless Door and Window Security Sensors, White",Home -> Home Security & Safety,WSES2-3PK,New,850025015271,1,27.97,,,NOT_IN_FROZEN_UNIVERSE,2026-08-24T12:28:40Z
Direct Liquidation,945440,https://www.directliquidation.com/p/945440-1-parcel-box-39-pcs-security-and-surveillance-home-security-and-safety-mixed-conditions-wyze/945440,351.41,39,Mixed,15,Wyze,Wyze WYZEC3 Cam 1080p HD Indoor WiFi Smart Home Camera with Night Vision,Electronics -> Security & Surveillance,WYZEC3,GRADE A,859696007806,4,25.98,,,NOT_IN_FROZEN_UNIVERSE,2026-08-24T12:28:40Z
Direct Liquidation,945440,https://www.directliquidation.com/p/945440-1-parcel-box-39-pcs-security-and-surveillance-home-security-and-safety-mixed-conditions-wyze/945440,351.41,39,Mixed,15,Wyze,Wyze WYZEC3 Cam 1080p HD Indoor WiFi Smart Home Camera with Night Vision,Electronics -> Security & Surveillance,WYZEC3,BRAND NEW,859696007806,3,25.98,,,NOT_IN_FROZEN_UNIVERSE,2026-08-24T12:28:40Z
Direct Liquidation,945440,https://www.directliquidation.com/p/945440-1-parcel-box-39-pcs-security-and-surveillance-home-security-and-safety-mixed-conditions-wyze/945440,351.41,39,Mixed,15,Wyze,"Wyze Wyzec4 Cam v4, 2.5K HD WiFi Smart Home Indoor/Outdoor Security Camera, Black",Electronics -> Security & Surveillance,WYZEC4,GRADE A,810083473680,3,25.98,,,NOT_IN_FROZEN_UNIVERSE,2026-08-24T12:28:40Z
Direct Liquidation,945440,https://www.directliquidation.com/p/945440-1-parcel-box-39-pcs-security-and-surveillance-home-security-and-safety-mixed-conditions-wyze/945440,351.41,39,Mixed,15,Wyze,"Wyze Wyzec4 Cam v4, 2.5K HD WiFi Smart Home Indoor/Outdoor Security Camera, Black",Electronics -> Security & Surveillance,WYZEC4,BRAND NEW,810083473680,10,25.98,,,NOT_IN_FROZEN_UNIVERSE,2026-08-24T12:28:40Z
Direct Liquidation,945440,https://www.directliquidation.com/p/945440-1-parcel-box-39-pcs-security-and-surveillance-home-security-and-safety-mixed-conditions-wyze/945440,351.41,39,Mixed,15,Wyze,"Wyze Cam v4 Smart Home Security Camera, 2.5K QHD, Enhanced Color Night Vision, Motion-Activated Spotlight and Siren, IP65 Weather Resistant, Wired, Gray",Home -> Home Security & Safety,WYZEC4,Used,810083473581,1,35.98,,,NOT_IN_FROZEN_UNIVERSE,2026-08-24T12:28:40Z
Direct Liquidation,945440,https://www.directliquidation.com/p/945440-1-parcel-box-39-pcs-security-and-surveillance-home-security-and-safety-mixed-conditions-wyze/945440,351.41,39,Mixed,15,Wyze,"Wyze Cam v4 Smart Home Security Camera, 2.5K QHD, Enhanced Color Night Vision, Motion-Activated Spotlight and Siren, IP65 Weather Resistant, Wired, Gray",Home -> Home Security & Safety,WYZEC4,Open Box Like New,810083473581,1,35.98,,,NOT_IN_FROZEN_UNIVERSE,2026-08-24T12:28:40Z
Direct Liquidation,945440,https://www.directliquidation.com/p/945440-1-parcel-box-39-pcs-security-and-surveillance-home-security-and-safety-mixed-conditions-wyze/945440,351.41,39,Mixed,15,Wyze,"Wyze Cam Pan V3 Indoor/Outdoor IP65 Weather-Resistant 1080p Pan Tilt Zoom Security Camera with Color Night Vision, Two-Way Audio, Advanced Motion Tracking",Home -> Home Security & Safety,WYZECPAN3CP3,New,810083472478,2,37.47,,,NOT_IN_FROZEN_UNIVERSE,2026-08-24T12:28:40Z
Direct Liquidation,945440,https://www.directliquidation.com/p/945440-1-parcel-box-39-pcs-security-and-surveillance-home-security-and-safety-mixed-conditions-wyze/945440,351.41,39,Mixed,15,Wyze,Wyze WCGDCB Smart Garage Door Opener w/Built-in HD Video,Electronics -> Security & Surveillance,WCGDCB,GRADE A,810083470917,1,49.98,,,NOT_IN_FROZEN_UNIVERSE,2026-08-24T12:28:40Z
Direct Liquidation,945440,https://www.directliquidation.com/p/945440-1-parcel-box-39-pcs-security-and-surveillance-home-security-and-safety-mixed-conditions-wyze/945440,351.41,39,Mixed,15,Wyze,Wyze WSPRK1 Smart Controller 8-Zone WiFi 1 Year of Automatic Weather-Based Watering with Sprinkler Plus Black,Patio & Garden -> Gardening & Lawn Care -> Other,WSPRK1,Used,859696007295,1,64.98,,,NOT_IN_FROZEN_UNIVERSE,2026-08-24T12:28:40Z
Direct Liquidation,945439,https://www.directliquidation.com/p/945439-1-parcel-box-30-pcs-security-and-surveillance-home-security-and-safety-mixed-conditions-wyze/945439,291.89,30,Mixed,15,Wyze,Wyze WLPPO1-1 Outdoor Smart Plug with Dual Outlets,Home Improvement -> Hardware,WLPPO1-1,Open Box Like New,859696007660,1,16.98,,,NOT_IN_FROZEN_UNIVERSE,2026-08-24T12:28:40Z
Direct Liquidation,945439,https://www.directliquidation.com/p/945439-1-parcel-box-30-pcs-security-and-surveillance-home-security-and-safety-mixed-conditions-wyze/945439,291.89,30,Mixed,15,Wyze,Wyze Motion Sensor WSMS2 Wireless Home Security Sensor White 1 Pack,Home -> Home Security & Safety,WSMS2,Used,850025015288,1,14.98,,,NOT_IN_FROZEN_UNIVERSE,2026-08-24T12:28:40Z
Direct Liquidation,945439,https://www.directliquidation.com/p/945439-1-parcel-box-30-pcs-security-and-surveillance-home-security-and-safety-mixed-conditions-wyze/945439,291.89,30,Mixed,15,Wyze,"Wyze WLPS1-RB Smart 15 Amp Programmable Touch and Push Button Light Switch, White 1-Pack",Home Improvement -> Hardware,WLPS1-RB,Open Box Like New,810083470436,2,14.98,,,NOT_IN_FROZEN_UNIVERSE,2026-08-24T12:28:40Z
Direct Liquidation,945439,https://www.directliquidation.com/p/945439-1-parcel-box-30-pcs-security-and-surveillance-home-security-and-safety-mixed-conditions-wyze/945439,291.89,30,Mixed,15,Wyze,"Wyze Lamp Socket v2 Power Adapter for Wyze Cam v3, v3 Pro, v4, OG, Pan v3, Motion-Activated, Dusk-to-Dawn, Outdoor Light Fixture",Home Improvement -> Light Bulbs -> Smart,WYZELS2,Open Box Like New,810083474748,2,16.98,,,NOT_IN_FROZEN_UNIVERSE,2026-08-24T12:28:40Z
Direct Liquidation,945439,https://www.directliquidation.com/p/945439-1-parcel-box-30-pcs-security-and-surveillance-home-security-and-safety-mixed-conditions-wyze/945439,291.89,30,Mixed,15,Wyze,"Wyze WLPP1 Smart Home Plug, 2 Pack White",Home Improvement -> Hardware,WLPP1,Open Box Like New,859696007271,1,19.97,,,NOT_IN_FROZEN_UNIVERSE,2026-08-24T12:28:40Z
Direct Liquidation,945439,https://www.directliquidation.com/p/945439-1-parcel-box-30-pcs-security-and-surveillance-home-security-and-safety-mixed-conditions-wyze/945439,291.89,30,Mixed,15,Wyze,Wyze WiFi Chime,Home -> Home Security & Safety,WCHIM,Open Box Like New,810083474564,1,19.98,,,NOT_IN_FROZEN_UNIVERSE,2026-08-24T12:28:40Z
Direct Liquidation,945439,https://www.directliquidation.com/p/945439-1-parcel-box-30-pcs-security-and-surveillance-home-security-and-safety-mixed-conditions-wyze/945439,291.89,30,Mixed,15,Wyze,Wyze WYZECGS_CA Cam OG Wired Indoor Outdoor 1080p HD Smart Security Camera w/Built-In Spotlight,Home -> Home Security & Safety,WYZECGS_CA,Used,810083471860,1,21.94,,,NOT_IN_FROZEN_UNIVERSE,2026-08-24T12:28:40Z
Direct Liquidation,945439,https://www.directliquidation.com/p/945439-1-parcel-box-30-pcs-security-and-surveillance-home-security-and-safety-mixed-conditions-wyze/945439,291.89,30,Mixed,15,Wyze,"Wyze Cam OG Wired Indoor/Outdoor 1080p Full HD Security Camera with Color Night Vision, Built-in Spotlight, Mini-Siren, Two-Way Audio, Black",Home -> Home Security & Safety,WYZECGSB,Open Box Like New,810083472737,1,29.77,,,NOT_IN_FROZEN_UNIVERSE,2026-08-24T12:28:40Z
Direct Liquidation,945439,https://www.directliquidation.com/p/945439-1-parcel-box-30-pcs-security-and-surveillance-home-security-and-safety-mixed-conditions-wyze/945439,291.89,30,Mixed,15,Wyze,Wyze WYZEC3L Cam v3 1080P Indoor/Outdoor Security Cameras Color Night Vision,Electronics -> Security & Surveillance,WYZEC3L,GRADE A,850025015356,1,26.99,,,NOT_IN_FROZEN_UNIVERSE,2026-08-24T12:28:40Z
Direct Liquidation,945439,https://www.directliquidation.com/p/945439-1-parcel-box-30-pcs-security-and-surveillance-home-security-and-safety-mixed-conditions-wyze/945439,291.89,30,Mixed,15,Wyze,"Wyze Sense Entry Sensor 3-Pack, Wireless Door and Window Security Sensors, White",Home -> Home Security & Safety,WSES2-3PK,Open Box Like New,850025015271,2,27.97,,,NOT_IN_FROZEN_UNIVERSE,2026-08-24T12:28:40Z
Direct Liquidation,945439,https://www.directliquidation.com/p/945439-1-parcel-box-30-pcs-security-and-surveillance-home-security-and-safety-mixed-conditions-wyze/945439,291.89,30,Mixed,15,Wyze,"Wyze Wyzec4 Cam v4, 2.5K HD WiFi Smart Home Indoor/Outdoor Security Camera, Black",Electronics -> Security & Surveillance,WYZEC4,GRADE A,810083473680,9,25.98,,,NOT_IN_FROZEN_UNIVERSE,2026-08-24T12:28:40Z
Direct Liquidation,945439,https://www.directliquidation.com/p/945439-1-parcel-box-30-pcs-security-and-surveillance-home-security-and-safety-mixed-conditions-wyze/945439,291.89,30,Mixed,15,Wyze,"Wyze Cam v4 Smart Home Security Camera, 2.5K QHD, Enhanced Color Night Vision, Motion-Activated Spotlight and Siren, IP65 Weather Resistant, Wired, Gray",Home -> Home Security & Safety,WYZEC4,Used,810083473581,4,35.98,,,NOT_IN_FROZEN_UNIVERSE,2026-08-24T12:28:40Z
Direct Liquidation,945439,https://www.directliquidation.com/p/945439-1-parcel-box-30-pcs-security-and-surveillance-home-security-and-safety-mixed-conditions-wyze/945439,291.89,30,Mixed,15,Wyze,"Wyze Cam v4 Smart Home Security Camera, 2.5K QHD, Enhanced Color Night Vision, Motion-Activated Spotlight and Siren, IP65 Weather Resistant, Wired, Gray",Home -> Home Security & Safety,WYZEC4,Open Box Like New,810083473581,1,35.98,,,NOT_IN_FROZEN_UNIVERSE,2026-08-24T12:28:40Z
Direct Liquidation,945439,https://www.directliquidation.com/p/945439-1-parcel-box-30-pcs-security-and-surveillance-home-security-and-safety-mixed-conditions-wyze/945439,291.89,30,Mixed,15,Wyze,Wyze WCGDCB Smart Garage Door Opener w/Built-in HD Video,Electronics -> Security & Surveillance,WCGDCB,GRADE A,810083470917,2,49.98,,,NOT_IN_FROZEN_UNIVERSE,2026-08-24T12:28:40Z
Direct Liquidation,945439,https://www.directliquidation.com/p/945439-1-parcel-box-30-pcs-security-and-surveillance-home-security-and-safety-mixed-conditions-wyze/945439,291.89,30,Mixed,15,Wyze,Wyze Cam V3 Wired Smart Security Camera 2-Pack with 2 x 32GB microSDHC Cards White,Electronics -> Security & Surveillance,Cam V3,GRADE A,810083474373,1,49.99,,,NOT_IN_FROZEN_UNIVERSE,2026-08-24T12:28:40Z
Direct Liquidation,945438,https://www.directliquidation.com/p/945438-1-parcel-box-36-pcs-security-and-surveillance-home-security-and-safety-mixed-conditions-wyze/945438,326.90,36,Mixed,15,Wyze,"Wyze WYZEWMV2 Window Mount for Wyze Cam OG, v3, v3 Pro, and v4, Black, Adjustable Glare-Free Glass Mount, Pack of 1",Electronics -> Cameras -> Accessories,WYZEWMV2,Like New,810083472713,1,10.32,,,NOT_IN_FROZEN_UNIVERSE,2026-08-24T12:28:40Z
Direct Liquidation,945438,https://www.directliquidation.com/p/945438-1-parcel-box-36-pcs-security-and-surveillance-home-security-and-safety-mixed-conditions-wyze/945438,326.90,36,Mixed,15,Wyze,"Wyze WYZEWMV2 Window Mount for Wyze Cam OG, v3, v3 Pro, and v4, Black, Adjustable Glare-Free Glass Mount, Pack of 1",Electronics -> Cameras -> Accessories,WYZEWMV2,Open Box Like New,810083472713,1,10.32,,,NOT_IN_FROZEN_UNIVERSE,2026-08-24T12:28:40Z
Direct Liquidation,945438,https://www.directliquidation.com/p/945438-1-parcel-box-36-pcs-security-and-surveillance-home-security-and-safety-mixed-conditions-wyze/945438,326.90,36,Mixed,15,Wyze,Wyze WLPPO1-1 Outdoor Smart Plug with Dual Outlets,Home Improvement -> Hardware,WLPPO1-1,Open Box Like New,859696007660,3,16.98,,,NOT_IN_FROZEN_UNIVERSE,2026-08-24T12:28:40Z
Direct Liquidation,945438,https://www.directliquidation.com/p/945438-1-parcel-box-36-pcs-security-and-surveillance-home-security-and-safety-mixed-conditions-wyze/945438,326.90,36,Mixed,15,Wyze,Wyze WSLSP2 Sense Leak Sensor Probe (2-Pack),Home -> Home Security & Safety,WSLSP2,Used,850025015677,1,13.98,,,NOT_IN_FROZEN_UNIVERSE,2026-08-24T12:28:40Z
Direct Liquidation,945438,https://www.directliquidation.com/p/945438-1-parcel-box-36-pcs-security-and-surveillance-home-security-and-safety-mixed-conditions-wyze/945438,326.90,36,Mixed,15,Wyze,Wyze WSLSP2 Sense Leak Sensor Probe (2-Pack),Home -> Home Security & Safety,WSLSP2,Open Box Like New,850025015677,1,13.98,,,NOT_IN_FROZEN_UNIVERSE,2026-08-24T12:28:40Z
Direct Liquidation,945438,https://www.directliquidation.com/p/945438-1-parcel-box-36-pcs-security-and-surveillance-home-security-and-safety-mixed-conditions-wyze/945438,326.90,36,Mixed,15,Wyze,"Wyze WLPS1_CA Smart Programmable 15 Amp Touch and Push Button Light Switch, White",Home Improvement -> Hardware,WLPS1_CA,Open Box Like New,810083470955,3,14.44,,,NOT_IN_FROZEN_UNIVERSE,2026-08-24T12:28:40Z
Direct Liquidation,945438,https://www.directliquidation.com/p/945438-1-parcel-box-36-pcs-security-and-surveillance-home-security-and-safety-mixed-conditions-wyze/945438,326.90,36,Mixed,15,Wyze,Wyze WiFi Chime,Home -> Home Security & Safety,WCHIM,Open Box Like New,810083474564,2,19.98,,,NOT_IN_FROZEN_UNIVERSE,2026-08-24T12:28:40Z
Direct Liquidation,945438,https://www.directliquidation.com/p/945438-1-parcel-box-36-pcs-security-and-surveillance-home-security-and-safety-mixed-conditions-wyze/945438,326.90,36,Mixed,15,Wyze,"Wyze WLPP1 Smart Home Plug, 2 Pack White",Home Improvement -> Hardware,WLPP1,Used,859696007271,1,19.97,,,NOT_IN_FROZEN_UNIVERSE,2026-08-24T12:28:40Z
Direct Liquidation,945438,https://www.directliquidation.com/p/945438-1-parcel-box-36-pcs-security-and-surveillance-home-security-and-safety-mixed-conditions-wyze/945438,326.90,36,Mixed,15,Wyze,"Wyze Sense Entry Sensor 3-Pack, Wireless Door and Window Security Sensors, White",Home -> Home Security & Safety,WSES2-3PK,Open Box Like New,850025015271,4,27.97,,,NOT_IN_FROZEN_UNIVERSE,2026-08-24T12:28:40Z
Direct Liquidation,945438,https://www.directliquidation.com/p/945438-1-parcel-box-36-pcs-security-and-surveillance-home-security-and-safety-mixed-conditions-wyze/945438,326.90,36,Mixed,15,Wyze,Wyze WYZEC3 Cam 1080p HD Indoor WiFi Smart Home Camera with Night Vision,Electronics -> Security & Surveillance,WYZEC3,GRADE A,859696007806,1,25.98,,,NOT_IN_FROZEN_UNIVERSE,2026-08-24T12:28:40Z
Direct Liquidation,945438,https://www.directliquidation.com/p/945438-1-parcel-box-36-pcs-security-and-surveillance-home-security-and-safety-mixed-conditions-wyze/945438,326.90,36,Mixed,15,Wyze,"Wyze Wyzec4 Cam v4, 2.5K HD WiFi Smart Home Indoor/Outdoor Security Camera, Black",Electronics -> Security & Surveillance,WYZEC4,GRADE A,810083473680,13,25.98,,,NOT_IN_FROZEN_UNIVERSE,2026-08-24T12:28:40Z
Direct Liquidation,945438,https://www.directliquidation.com/p/945438-1-parcel-box-36-pcs-security-and-surveillance-home-security-and-safety-mixed-conditions-wyze/945438,326.90,36,Mixed,15,Wyze,"Wyze Cam v4 Smart Home Security Camera, 2.5K QHD, Enhanced Color Night Vision, Motion-Activated Spotlight and Siren, IP65 Weather Resistant, Wired, Gray",Home -> Home Security & Safety,WYZEC4,Used,810083473581,1,35.98,,,NOT_IN_FROZEN_UNIVERSE,2026-08-24T12:28:40Z
Direct Liquidation,945438,https://www.directliquidation.com/p/945438-1-parcel-box-36-pcs-security-and-surveillance-home-security-and-safety-mixed-conditions-wyze/945438,326.90,36,Mixed,15,Wyze,"Wyze Leak Sensor 3 Pack with Single Ultra-Thin Probe, Indoor Water Leak Detection, 18-Month Battery Life, 500 ft Range",Home -> Home Security & Safety,WYZESLS31,Open Box Like New,850025015660,1,39.95,,,NOT_IN_FROZEN_UNIVERSE,2026-08-24T12:28:40Z
Direct Liquidation,945438,https://www.directliquidation.com/p/945438-1-parcel-box-36-pcs-security-and-surveillance-home-security-and-safety-mixed-conditions-wyze/945438,326.90,36,Mixed,15,Wyze,Wyze WCGDCB Smart Garage Door Opener w/Built-in HD Video,Electronics -> Security & Surveillance,WCGDCB,GRADE A,810083470917,1,49.98,,,NOT_IN_FROZEN_UNIVERSE,2026-08-24T12:28:40Z
Direct Liquidation,945438,https://www.directliquidation.com/p/945438-1-parcel-box-36-pcs-security-and-surveillance-home-security-and-safety-mixed-conditions-wyze/945438,326.90,36,Mixed,15,Wyze,Wyze WSPRK1 Smart Controller 8-Zone WiFi 1 Year of Automatic Weather-Based Watering with Sprinkler Plus Black,Patio & Garden -> Gardening & Lawn Care -> Other,WSPRK1,Open Box Like New,859696007295,2,64.98,,,NOT_IN_FROZEN_UNIVERSE,2026-08-24T12:28:40Z
Direct Liquidation,945437,https://www.directliquidation.com/p/945437-1-parcel-box-24-pcs-security-and-surveillance-home-security-and-safety-mixed-conditions-wyze/945437,235.04,24,Mixed,15,Wyze,"Wyze WYZEWMV2 Window Mount for Wyze Cam OG, v3, v3 Pro, and v4, Black, Adjustable Glare-Free Glass Mount, Pack of 1",Electronics -> Cameras -> Accessories,WYZEWMV2,Open Box Like New,810083472713,1,10.32,,,NOT_IN_FROZEN_UNIVERSE,2026-08-24T12:28:40Z
Direct Liquidation,945437,https://www.directliquidation.com/p/945437-1-parcel-box-24-pcs-security-and-surveillance-home-security-and-safety-mixed-conditions-wyze/945437,235.04,24,Mixed,15,Wyze,Wyze WLPPO1-1 Outdoor Smart Plug with Dual Outlets,Home Improvement -> Hardware,WLPPO1-1,Open Box Like New,859696007660,2,16.98,,,NOT_IN_FROZEN_UNIVERSE,2026-08-24T12:28:40Z
Direct Liquidation,945437,https://www.directliquidation.com/p/945437-1-parcel-box-24-pcs-security-and-surveillance-home-security-and-safety-mixed-conditions-wyze/945437,235.04,24,Mixed,15,Wyze,Wyze WiFi Chime,Home -> Home Security & Safety,WCHIM,Open Box Like New,810083474564,1,19.98,,,NOT_IN_FROZEN_UNIVERSE,2026-08-24T12:28:40Z
Direct Liquidation,945437,https://www.directliquidation.com/p/945437-1-parcel-box-24-pcs-security-and-surveillance-home-security-and-safety-mixed-conditions-wyze/945437,235.04,24,Mixed,15,Wyze,"Wyze WLPP1 Smart Home Plug, 2 Pack White",Home Improvement -> Hardware,WLPP1,Open Box Like New,859696007271,1,19.97,,,NOT_IN_FROZEN_UNIVERSE,2026-08-24T12:28:40Z
Direct Liquidation,945437,https://www.directliquidation.com/p/945437-1-parcel-box-24-pcs-security-and-surveillance-home-security-and-safety-mixed-conditions-wyze/945437,235.04,24,Mixed,15,Wyze,"Wyze Cam OG Wired Indoor/Outdoor 1080p Full HD Security Camera with Color Night Vision, Built-in Spotlight, Mini-Siren, Two-Way Audio, Black",Home -> Home Security & Safety,WYZECGSB,Used,810083472737,2,29.77,,,NOT_IN_FROZEN_UNIVERSE,2026-08-24T12:28:40Z
Direct Liquidation,945437,https://www.directliquidation.com/p/945437-1-parcel-box-24-pcs-security-and-surveillance-home-security-and-safety-mixed-conditions-wyze/945437,235.04,24,Mixed,15,Wyze,"Wyze Cam OG Wired Indoor/Outdoor 1080p Full HD Security Camera with Color Night Vision, Built-in Spotlight, Mini-Siren, Two-Way Audio, Black",Home -> Home Security & Safety,WYZECGSB,Open Box Like New,810083472737,1,29.77,,,NOT_IN_FROZEN_UNIVERSE,2026-08-24T12:28:40Z
Direct Liquidation,945437,https://www.directliquidation.com/p/945437-1-parcel-box-24-pcs-security-and-surveillance-home-security-and-safety-mixed-conditions-wyze/945437,235.04,24,Mixed,15,Wyze,"Wyze Sense Entry Sensor 3-Pack, Wireless Door and Window Security Sensors, White",Home -> Home Security & Safety,WSES2-3PK,Open Box Like New,850025015271,1,27.97,,,NOT_IN_FROZEN_UNIVERSE,2026-08-24T12:28:40Z
Direct Liquidation,945437,https://www.directliquidation.com/p/945437-1-parcel-box-24-pcs-security-and-surveillance-home-security-and-safety-mixed-conditions-wyze/945437,235.04,24,Mixed,15,Wyze,"Wyze Wyzec4 Cam v4, 2.5K HD WiFi Smart Home Indoor/Outdoor Security Camera, Black",Electronics -> Security & Surveillance,WYZEC4,GRADE A,810083473680,10,25.98,,,NOT_IN_FROZEN_UNIVERSE,2026-08-24T12:28:40Z
Direct Liquidation,945437,https://www.directliquidation.com/p/945437-1-parcel-box-24-pcs-security-and-surveillance-home-security-and-safety-mixed-conditions-wyze/945437,235.04,24,Mixed,15,Wyze,"Wyze Cam v4 Smart Home Security Camera, 2.5K QHD, Enhanced Color Night Vision, Motion-Activated Spotlight and Siren, IP65 Weather Resistant, Wired, Gray",Home -> Home Security & Safety,WYZEC4,Used,810083473581,2,35.98,,,NOT_IN_FROZEN_UNIVERSE,2026-08-24T12:28:40Z
Direct Liquidation,945437,https://www.directliquidation.com/p/945437-1-parcel-box-24-pcs-security-and-surveillance-home-security-and-safety-mixed-conditions-wyze/945437,235.04,24,Mixed,15,Wyze,"Wyze Cam v4 Smart Home Security Camera, 2.5K QHD, Enhanced Color Night Vision, Motion-Activated Spotlight and Siren, IP65 Weather Resistant, Wired, Gray",Home -> Home Security & Safety,WYZEC4,Open Box Like New,810083473581,1,35.98,,,NOT_IN_FROZEN_UNIVERSE,2026-08-24T12:28:40Z
Direct Liquidation,945437,https://www.directliquidation.com/p/945437-1-parcel-box-24-pcs-security-and-surveillance-home-security-and-safety-mixed-conditions-wyze/945437,235.04,24,Mixed,15,Wyze,"Wyze Cam Pan V3 Indoor/Outdoor IP65 Weather-Resistant 1080p Pan Tilt Zoom Security Camera with Color Night Vision, Two-Way Audio, Advanced Motion Tracking",Home -> Home Security & Safety,WYZECPAN3CP3,Open Box Like New,810083472478,1,37.47,,,NOT_IN_FROZEN_UNIVERSE,2026-08-24T12:28:40Z
Direct Liquidation,945437,https://www.directliquidation.com/p/945437-1-parcel-box-24-pcs-security-and-surveillance-home-security-and-safety-mixed-conditions-wyze/945437,235.04,24,Mixed,15,Wyze,Wyze WSPRK1 Smart Controller 8-Zone WiFi 1 Year of Automatic Weather-Based Watering with Sprinkler Plus Black,Patio & Garden -> Gardening & Lawn Care -> Other,WSPRK1,Open Box Like New,859696007295,1,64.98,,,NOT_IN_FROZEN_UNIVERSE,2026-08-24T12:28:40Z
