ts,product_key,region,n_clean,n_raw,min_gbp,p10_gbp,p25_gbp,cheap3_gbp,median_gbp,source_price_now_gbp,source_ref_gbp,first_markdown_ts
2026-08-23T08:31:13Z,chemical guys basic wash and wax kit,US,1,50,72.47,72.47,72.47,72.47,72.47,26.35,29.28,2026-08-23T07:03:33Z
2026-08-23T08:31:13Z,chemical guys black car care starter kit,US,1,50,111.16,111.16,111.16,111.16,111.16,51.25,60.01,2026-08-23T07:03:33Z
2026-08-23T08:31:13Z,chemical guys car wash accessories bundle,US,1,50,65.90,65.90,65.90,65.90,65.90,19.03,21.21,2026-08-23T07:03:33Z
2026-08-23T08:31:13Z,chemical guys foam wash starter kit,US,6,50,43.93,58.58,87.95,73.22,132.34,55.65,65.87,2026-08-23T07:03:33Z
2026-08-23T08:31:13Z,chemical guys leather care starter kit,US,5,50,13.85,17.82,23.77,23.77,60.68,9.51,10.98,2026-08-23T07:03:33Z
2026-08-23T08:31:13Z,chrome industries mini kadet 5l sling,US,2,28,74.27,85.05,101.22,128.17,128.17,43.93,58.58,2026-08-23T08:02:26Z
2026-08-23T08:31:13Z,cotopaxi coraje tech cargo pant,US,1,17,72.50,72.50,72.50,72.50,72.50,33.68,84.21,2026-08-23T07:22:27Z
2026-08-23T08:31:13Z,cotopaxi fuego down overall,US,1,1,164.76,164.76,164.76,164.76,164.76,83.48,208.70,2026-08-23T07:22:27Z
2026-08-23T08:31:13Z,cotopaxi fuego down pant,US,1,5,164.76,164.76,164.76,164.76,164.76,82.38,164.76,2026-08-23T07:22:27Z
2026-08-23T08:31:13Z,cotopaxi mente 22l tote,US,1,42,128.15,128.15,128.15,128.15,128.15,51.26,80.55,2026-08-23T07:22:27Z
2026-08-23T08:31:13Z,cotopaxi repleto down jacket,US,40,50,83.77,95.00,115.33,87.14,136.77,54.19,135.47,2026-08-23T07:22:27Z
2026-08-23T08:31:13Z,cotopaxi todo 3l bucket bag,US,1,8,66.64,66.64,66.64,66.64,66.64,14.65,32.95,2026-08-23T07:22:27Z
2026-08-23T08:31:13Z,distil union ashley sunglasses,US,1,1,76.89,76.89,76.89,76.89,76.89,25.26,50.53,2026-08-23T08:02:26Z
2026-08-23T08:31:13Z,distil union capers sunglasses,US,6,6,43.86,56.69,71.37,69.53,76.89,25.26,50.53,2026-08-23T08:02:26Z
2026-08-23T08:31:13Z,distil union kiawah sunglasses,US,1,1,76.89,76.89,76.89,76.89,76.89,25.26,50.53,2026-08-23T08:02:26Z
2026-08-23T08:31:13Z,distil union norm bifold,US,3,3,109.98,114.43,121.10,132.22,132.22,31.12,62.24,2026-08-23T08:02:26Z
2026-08-23T08:31:13Z,fellow carter 3-in-1 lid system stone blue,US,1,1,153.77,153.77,153.77,153.77,153.77,36.58,41.74,2026-08-22T09:20:41Z
2026-08-23T08:31:13Z,our place beechwood spatulas,US,6,27,30.76,41.37,54.00,51.98,60.04,8.78,14.65,2026-08-22T09:20:41Z
2026-08-23T08:31:13Z,our place beechwood spoons,US,11,17,36.61,46.65,47.58,46.65,58.58,8.78,14.65,2026-08-22T09:20:41Z
2026-08-23T08:31:13Z,our place perfect pot roasting rack,US,1,5,9.26,9.26,9.26,9.26,9.26,19.03,28.56,2026-08-22T09:20:41Z
2026-08-23T08:31:13Z,jeffree star cosmetics hi how are ya,US,5,37,7.32,9.37,12.44,12.44,21.96,7.32,25.69,2026-08-20T17:19:11Z
2026-08-23T08:31:13Z,rightline gear sport jr cargo carrier,US,3,6,111.81,114.42,118.33,124.84,124.84,48.32,80.54,2026-08-23T07:22:27Z
2026-08-23T08:31:13Z,peak design charcoal iphone 15 pro max,US,3,36,25.62,29.11,34.35,43.07,43.07,12.80,25.59,2026-08-22T09:20:41Z
2026-08-23T08:31:13Z,peak design redwood iphone 15 pro max,US,4,35,25.62,30.86,38.71,43.07,43.07,12.80,25.59,2026-08-22T09:20:41Z
2026-08-23T08:31:13Z,peak design sage iphone 15 pro max,US,4,38,25.62,30.86,38.71,43.07,43.07,12.80,25.59,2026-08-22T09:20:41Z
2026-08-23T08:31:13Z,peak design sun iphone 15 pro max,US,3,15,25.62,29.11,34.35,43.07,43.07,12.80,25.59,2026-08-22T09:20:41Z
2026-08-23T08:31:13Z,satechi 100w usb-c pd compact gan charger,US,4,48,24.31,24.49,24.75,24.89,30.74,43.93,58.58,2026-08-22T09:20:41Z
2026-08-23T08:31:13Z,satechi usb-c magnetic wireless charging cable,US,3,16,10.98,11.13,11.35,11.72,11.72,4.39,21.96,2026-08-22T09:20:41Z
2026-08-23T08:31:13Z,skullcandy us icon anc bone,US,4,50,46.13,54.43,66.88,73.80,117.37,43.93,73.22,2026-08-23T07:22:27Z
2026-08-23T08:31:13Z,twelve south actionsleeve,US,1,1,25.63,25.63,25.63,25.63,25.63,3.65,10.98,2026-08-22T09:20:41Z
2026-08-23T08:31:13Z,twelve south suitcase for macbook 16-inch pro,US,3,4,14.65,18.74,24.89,35.14,35.14,7.32,14.64,2026-08-22T09:20:41Z
2026-08-23T08:31:13Z,allbirds men s runner protect,CA,11,34,29.30,35.19,36.65,35.19,40.33,39.44,98.60,2026-08-20T17:16:55Z
2026-08-23T08:31:13Z,allbirds men s slide,US,11,50,7.32,11.71,15.72,11.71,18.26,40.28,40.36,2026-08-20T17:16:55Z
2026-08-23T08:31:13Z,allbirds men s tree skipper,US,25,50,11.71,24.31,29.28,23.03,35.87,76.89,77.06,2026-08-20T17:16:55Z
2026-08-23T08:31:13Z,allbirds women s slide,US,16,50,9.31,10.59,11.52,10.22,18.31,40.28,40.36,2026-08-20T17:16:55Z
2026-08-23T08:31:13Z,allbirds women s tree piper,US,7,21,32.95,33.28,34.33,33.50,35.15,76.89,77.06,2026-08-20T17:16:55Z
2026-08-23T08:31:13Z,allbirds women s tree topper,US,20,44,14.61,21.89,27.29,21.23,31.12,84.21,84.40,2026-08-20T17:16:55Z
2026-08-23T08:31:13Z,brooklinen classic percale pillowcase set,US,9,35,23.43,33.36,39.54,35.85,66.97,10.80,43.30,2026-08-20T17:19:11Z
2026-08-23T08:31:13Z,brooklinen heathered cashmere pillowcases,US,7,10,39.54,42.57,95.15,44.58,146.46,23.14,57.98,2026-08-20T17:19:11Z
2026-08-23T08:31:13Z,brooklinen organic cotton pillowcase set,US,3,9,66.97,66.97,66.97,66.97,66.97,13.73,55.04,2026-08-20T17:19:11Z
2026-08-23T08:31:13Z,brooklinen sesame street pillowcase set,US,3,43,10.62,11.23,12.16,13.69,13.69,10.07,40.36,2026-08-20T17:19:11Z
2026-08-23T08:31:13Z,brooklinen washed classic percale pillowcase set,US,1,32,23.43,23.43,23.43,23.43,23.43,12.63,50.64,2026-08-20T17:19:11Z
2026-08-23T08:31:13Z,brooklinen washed european linen pillowcase set,US,4,22,31.45,34.98,40.27,43.20,43.57,14.46,57.98,2026-08-20T17:19:11Z
2026-08-23T08:31:13Z,red bull rampage frenzy bucket hat one,US,1,8,21.97,21.97,21.97,21.97,21.97,14.61,29.32,2026-08-20T17:16:55Z
2026-08-23T08:31:13Z,visa cash app racing bulls las vegas,US,1,4,23.52,23.52,23.52,23.52,23.52,21.97,64.54,2026-08-20T17:16:55Z
2026-08-23T08:31:13Z,ridge keychain,US,23,50,14.61,21.97,28.15,21.96,36.39,12.45,25.69,2026-08-20T17:19:11Z
2026-08-23T08:31:13Z,ridge phone case - carbon,US,7,8,5.85,15.08,23.43,21.24,27.80,21.24,47.70,2026-08-20T17:19:11Z
2026-08-23T08:31:13Z,ridge phone case - lavender,US,3,10,5.85,6.00,6.22,6.58,6.58,13.91,29.36,2026-08-20T17:19:11Z
2026-08-23T08:31:13Z,the ridge mini folder,US,5,8,36.61,36.61,36.61,36.61,43.94,21.24,47.70,2026-08-20T17:19:11Z
2026-08-23T08:31:13Z,stanley 10 oz,US,10,50,6.64,8.57,9.88,8.78,15.01,5.86,23.48,2026-08-20T17:19:11Z
2026-08-23T08:31:13Z,stanley iceflow bottle with fast flow lid,US,40,50,9.17,14.52,18.63,11.71,23.06,10.25,34.49,2026-08-20T17:19:11Z
2026-08-23T08:31:13Z,stanley the iceflow tumbler with fast flow,US,29,50,9.14,16.40,20.50,9.17,21.97,10.98,30.82,2026-08-20T17:19:11Z
