ts,product,outcome,item_id,title,price,currency,sold,avail,cond,seller
2026-08-23T21:06:59Z,TS SuitCase 16,REAL,v1|298291676699|0,"Twelve South SuitCase For MacBook Pro 16"" Protective Rigid Case Grey 12-2018",30.35,GBP,1,10,New,trade-lists-uk
2026-08-23T21:07:01Z,Cashmere King,promising,v1|117039731789|0,Brooklinen Heathered Cashmere Pillowcases Soft Camel King Size Retail $85,60.88,USD,0,4,New with tags,treasureisland58
2026-08-23T21:07:01Z,Cashmere King,promising,v1|117366639832|0,Brooklinen Heathered Cashmere Pillowcases White Color Standard Size Ret $79 #554,54.0,USD,0,1,New without tags,treasureisland58
2026-08-23T21:07:01Z,Cashmere King,promising,v1|117039731790|0,Brooklinen Heathered Cashmere Duvet Cover Charcoal King/Cal.King  Ret. $329 #416,245.36,USD,0,1,New without tags,treasureisland58
2026-08-23T21:07:03Z,Classic Percale Std,price_fail,v1|278293362371|0,SET 2 FROST BLUE Brooklinen Classic Pillowcases Standard Ginger Percale Cotton,54.0,USD,0,1,New with tags,leather.lace.and.pearls
2026-08-23T21:07:03Z,Classic Percale Std,price_fail,v1|198486126446|0,Brooklinen Classic Pillowcases Standard Ginger Percale Cotton Set of 2 PC-S117,48.95,USD,0,1,New with tags,freshfindsanddesigns
2026-08-23T21:07:03Z,Classic Percale Std,price_fail,v1|178340967379|0,NIP Brooklinen Classic Percale Pillowcase Set Standard Color Stone $59 Authentic,31.99,USD,0,1,New with tags,dare1tobe
2026-08-23T21:07:18Z,W Dasher NZ,price_fail,v1|257696659665|0,Allbirds Wool Dasher 2 Mizzle Women’s Stony Beige Lace-Up Low Top A11094W105,38.5,USD,0,1,New with box,3610clyde
2026-08-23T21:07:18Z,W Dasher NZ,price_fail,v1|407156361036|0,Allbirds Wool Dasher Mizzle 2 Women’s Knit Low Top Lace-Up Sneakers A11094W105,45.99,USD,0,1,New with box,lesli8166
2026-08-23T21:07:18Z,W Dasher NZ,price_fail,v1|278241684779|0,Allbirds Wool Dasher 2 Mizzle. Women’s Size 8.5. Stony Beige,60.0,USD,0,2,New with box,katingfeng138
2026-08-23T21:07:18Z,W Dasher NZ,price_fail,v1|287513225015|0,Allbirds Tree Dasher 2 Women’s Lace-Up Knit Sneaker Gray A11051W055,24.99,USD,0,1,New with box,ericgetshiskicks
2026-08-23T21:07:18Z,W Dasher NZ,price_fail,v1|257678707820|0,Allbirds Tree Dasher Relay Women’s White Knit Slip-On Sneakers,32.0,USD,0,1,New with box,3610clyde
2026-08-23T21:07:18Z,W Dasher NZ,price_fail,v1|366371556620|0,Allbirds Women’s Wool Dasher Fluff,40.0,USD,0,1,New with box,penguinfanatic88
2026-08-23T21:07:18Z,W Dasher NZ,price_fail,v1|188328830698|695875600532,New Allbirds Tree Dasher 2 Women's Running Shoes Athletic Sneakers,36.99,USD,0,1,New with box,wavamobile
2026-08-23T21:07:18Z,W Dasher NZ,price_fail,v1|188328830704|695875498507,New Allbirds Tree Dasher 2 Women's Running Shoes Athletic Sneakers,36.99,USD,0,1,New with box,wavamobile
2026-08-23T21:07:18Z,W Dasher NZ,price_fail,v1|317810104644|0,NEW Allbirds Wool Dasher 2 Mizzle WD WD2 Black Fluff Fleece Women's Size 9,44.99,USD,0,1,New without box,thebluejay
2026-08-23T21:07:18Z,W Dasher NZ,price_fail,v1|278022060678|0,Allbirds TD2 Tree Dasher Black Wool Running Shoes Sneakers Women's Size 8,29.99,USD,0,1,New without box,flippy_mcflipperson
2026-08-23T21:07:18Z,W Dasher NZ,price_fail,v1|147331899938|0,Allbirds Tree Dasher 2 Women’s 7 Natural Black/Royal Blue Blizzard,100.0,USD,0,1,New with box,sbphotography1
2026-08-23T21:07:18Z,W Dasher NZ,price_fail,v1|188403782953|0,Allbirds Women’s White Merino Wool Dasher Furry Sz W 10.5 NWOT,29.0,USD,0,1,New without box,erif1959
2026-08-23T21:07:18Z,W Dasher NZ,price_fail,v1|278259971903|0,"New W box Allbirds Shoes Women's Tree Dasher 2 -Size 5 (blizzard, hazy pine)",37.0,USD,0,1,New with box,summitbay916
2026-08-23T21:07:18Z,W Dasher NZ,price_fail,v1|236998252868|0,Allbirds Women's Wool Dasher 2 Mizzle Black Running Shoes Sz 6.5 ,80.0,USD,0,1,New without box,dlfaison
2026-08-23T21:07:18Z,W Dasher NZ,price_fail,v1|267462357839|0,Allbirds Tree Dasher TD Knit Running Shoe Breathable Blue Women's 7.5,87.81,USD,0,1,New without box,cosmicfindz
2026-08-23T21:07:18Z,W Dasher NZ,price_fail,v1|188328830671|695875603205,New Allbirds Tree Dasher 2 Women's Running Shoes Athletic Sneakers,54.99,USD,0,1,New with box,wavamobile
2026-08-23T21:07:18Z,W Dasher NZ,price_fail,v1|188328830744|695875434636,New Allbirds Tree Dasher 2 Women's Running Shoes Athletic Sneakers,46.99,USD,0,1,New with box,wavamobile
2026-08-23T21:07:18Z,W Dasher NZ,price_fail,v1|377307693479|0,"Allbirds Women's Tree Dasher Relay, Laceless Everyday Active - Navy - Size W 6.5",69.99,USD,0,1,New with box,sneakersguru
2026-08-23T21:07:18Z,W Dasher NZ,price_fail,v1|227273407610|0,Allbirds Women’s Wool Dasher Fluff  Natural White Size 7.5 Shock Absorb Sneakers,79.95,USD,0,1,New with box,jenny*bean*85
2026-08-23T21:07:18Z,W Dasher NZ,price_fail,v1|277687012692|0,Women’s Allbirds Wool Dasher Fluffs Sneakers Size 7 Blue Teal Comfort  NWOB,60.0,USD,0,1,New without box,marrilyn123
2026-08-23T21:07:18Z,W Dasher NZ,price_fail,v1|278241687362|0,Allbirds Wool Dasher 2 Mizzle. Medium Grey. Women’s 6.5 US,64.0,USD,0,1,New with box,katingfeng138
2026-08-23T21:07:18Z,W Dasher NZ,price_fail,v1|298420010919|0,"Allbirds Tree Dasher Relay Running Shoes Slip-Ons, Black Women's brand new 5.5",55.0,USD,0,1,New with box,bigapplealoha
2026-08-23T21:07:18Z,W Dasher NZ,price_fail,v1|127503426380|0,New Without box Allbirds Shoes Women's Tree Dasher 2 - Utility Size 8.5,39.0,USD,0,1,New without box,faithfulflips
2026-08-23T21:07:18Z,W Dasher NZ,price_fail,v1|358607415973|0,Allbirds Women's Wool Dasher Fluffs teal blue running shoes size 8.5,69.99,USD,0,1,New without box,firewife22
2026-08-23T21:07:18Z,W Dasher NZ,price_fail,v1|358910742532|0,Allbirds Wool Dasher 2 Fluff Women’s Blue/White Lace-Up Low Top Sneakers,67.99,USD,0,1,New with box,jindecabrer-0
2026-08-23T21:07:33Z,M Dasher NZ,price_fail,v1|407163032589|0,Allbirds Tree Dasher Relay Men’s Slip On Low Top Black Athletic Sneakers,50.0,USD,0,1,New with box,kaolc93
2026-08-23T21:07:33Z,M Dasher NZ,price_fail,v1|407163062257|0,Allbirds Wool Dasher 2 Mizzle Men’s Lace-Up Sneakers Natural Black,45.0,USD,0,1,New with box,kaolc93
2026-08-23T21:07:33Z,M Dasher NZ,price_fail,v1|407163025071|0,Allbirds Tree Dasher Relay Men’s Slip-On Beige/Pink A10565M110,35.0,USD,0,1,New with box,kaolc93
2026-08-23T21:07:33Z,M Dasher NZ,price_fail,v1|237025091730|0,Allbirds Wool Dasher 2 Mizzle Men’s 11.5 in Natural Black (Rugged Khaki),45.0,USD,0,1,New without box,zuperman23
2026-08-23T21:07:33Z,M Dasher NZ,price_fail,v1|407058749771|0,Allbirds Men’s Tree Dasher 2 Black Lightweight Breathable Comfort Men’s US 8,49.99,USD,1,2,New with box,skyshopsvintage
2026-08-23T21:07:33Z,M Dasher NZ,price_fail,v1|398148403515|0,Allbirds Tree Dasher 2 Men's Low Top Lace-Up Athletic Sneaker Gray/Burgundy,85.0,USD,0,1,New with box,red7appliancerecyclingllc
2026-08-23T21:07:33Z,M Dasher NZ,price_fail,v1|278300085941|0,Allbirds Tree Dasher Relay Men's Slip-On Low Top Sneakers Black A10464M100,55.0,USD,0,1,New with box,gigisboutiquecorner
2026-08-23T21:07:33Z,M Dasher NZ,price_fail,v1|287533698429|0,Allbirds Men’s Tree Dasher 2 Shoes. Blizzard White Blue Hanami Night. Size 9 US,60.0,USD,0,1,New with box,katingfeng138
2026-08-23T21:07:33Z,M Dasher NZ,price_fail,v1|307102967695|0,NWB Allbirds Tree Dasher Lyra Bright White Men’s M12 Running Shoes,89.99,USD,0,1,New with box,mamafox28
2026-08-23T21:07:33Z,M Dasher NZ,price_fail,v1|128025733989|0,New Men’s Allbirds Tree Dasher Relay Blizzard Sneakers,50.0,USD,0,1,New with box,crazygoat4
2026-08-23T21:07:33Z,M Dasher NZ,price_fail,v1|407031843478|0,Allbirds Men’s Tree Dasher 2 Black Lightweight Breathable Comfort Women’s US 9,49.99,USD,1,1,New with box,skyshopsvintage
2026-08-23T21:07:33Z,M Dasher NZ,price_fail,v1|800514150676|0,NIB Men's Dasher NZ Dark Eucalyptus (olive green) men’s size 12.5 or 45.5 EU,79.5,USD,0,1,New with box,skybus0
2026-08-23T21:07:33Z,M Dasher NZ,price_fail,v1|407163042809|0,Allbirds Tree Dasher Relay Men’s Slip-On Low Top Athletic Sneakers A10565M105,40.0,USD,0,1,New with box,kaolc93
2026-08-23T21:07:33Z,M Dasher NZ,price_fail,v1|236800134141|0,NWOT Allbirds Tree Dasher 1 Eclipse Wool Blue Shoe Sneaker Men’s 11.5,67.5,USD,0,1,New without box,zuperman23
2026-08-23T21:07:33Z,M Dasher NZ,price_fail,v1|136370715651|0,New Allbirds Wool Dasher 2 Fluff Men’s Sz 12 Running Training Sneakers,34.99,USD,6,4,New with box,birdman712
2026-08-23T21:07:33Z,M Dasher NZ,price_fail,v1|198538599613|0,NEW Allbirds Tree Dasher 2 Lace Neon Yellow Men’s 8.5,40.0,USD,0,1,New without box,hotmamacita
2026-08-23T21:07:33Z,M Dasher NZ,price_fail,v1|306699427121|0,Men's Allbirds Shoes (Wool Dasher Mizzle),55.0,USD,0,1,New without box,geodudette
2026-08-23T21:07:33Z,M Dasher NZ,price_fail,v1|236973688279|0,Allbirds Tree Dasher Relay Shoe Men's 10 Slip On Running Sneaker Athletic NWT,40.0,USD,0,1,New without box,carsohauschil-0
2026-08-23T21:07:33Z,M Dasher NZ,price_fail,v1|366502398688|0,Allbirds Men's Tree Dasher Red Sz 9 Lightweight Breathable Sneakers,48.99,USD,0,2,New with box,carlosactivewear
2026-08-23T21:07:33Z,M Dasher NZ,price_fail,v1|377366130533|0,Allbirds Tree Dasher 2 Men’s Low Top Lace-Up Sneakers Black A11408M130,65.0,USD,0,1,New with box,jotur_5892
2026-08-23T21:07:33Z,M Dasher NZ,price_fail,v1|297915985044|0,Allbirds Tree Dasher White Knit Low Top Men's Athletic Sneaker,54.5,USD,0,1,New with box,meaghan201
2026-08-23T21:07:33Z,M Dasher NZ,price_fail,v1|257649118657|0,Allbirds Tree Dasher 2 Utility Men's 13.5 Natural White Running Shoes New in Box,19.95,USD,0,1,New with box,careertechguy
2026-08-23T21:07:33Z,M Dasher NZ,price_fail,v1|307142281503|0,"Allbirds Men's Tree Dasher 2 Sneaker, Rugged Beige, ComfortSize 12.5, NWT",99.0,USD,0,1,New with box,redefinedrack
2026-08-23T21:07:33Z,M Dasher NZ,price_fail,v1|307115279465|0,"Allbirds Men's Tree Dasher 2 Sneaker, Rugged Beige, ComfortSize 12.5, NWT",99.0,USD,0,2,New with box,redefinedrack
2026-08-23T21:07:33Z,M Dasher NZ,price_fail,v1|307111478346|0,"Allbirds Men's Tree Dasher 2 Sneaker, Rugged Beige, ComfortSize 12.5, NWT",99.0,USD,0,2,New with box,redefinedrack
2026-08-23T21:07:35Z,Satechi 100W GaN,price_fail,v1|146355326068|0,Satechi Compact Charger 100W USB-C GaN Power 2 X USB-C Compact Charger,59.99,GBP,0,1,New,arcadian-retailkn95
2026-08-23T21:07:35Z,Satechi 100W GaN,price_fail,v1|404942951379|674985035553,USB-C To C DATA Cable For Satechi 100w USB-C PD Compact GaN Charger,3.99,GBP,1,,New,dherigtech
2026-08-23T21:07:35Z,Satechi 100W GaN,price_fail,v1|186415055206|694459566351,USB DATA SYNC CABLE FOR Satechi 100w USB-C PD Compact GaN Charger,3.99,GBP,0,,New,dherigtech
2026-08-23T21:07:35Z,Satechi 100W GaN,price_fail,v1|287538802026|0,SATECHI 100W USB-C PD Compact GaN Charger - Powerful GaN Tech - Compatible with,59.42,GBP,0,,New,rarewaves-outlet
2026-08-23T21:07:37Z,IceFlow 40oz,identity_fail,v1|318755157377|0,Stanley The IceFlow 2.0 Fast Flow Tumbler - 40 Oz. - Fast Flow Lid - Pistachio,30.78,GBP,0,1,New,cautcor_0
2026-08-23T21:07:37Z,IceFlow 40oz,identity_fail,v1|127032897296|0,"Stanley 40oz IceFlow Stainless Steel Fast Flow Tumbler, Rose Quartz, No Cap",10.98,GBP,0,1,New other (see details),elephantdeals
2026-08-23T21:07:37Z,IceFlow 40oz,identity_fail,v1|227264312888|0,Stanley Iceflow Jug Recycled Stainless Steel H2O Tumbler 40 Oz New Fast Shipping,44.85,GBP,0,1,New,lets-shop-together
2026-08-23T21:08:09Z,Fellow Carter lid,bundle_fail,v1|227479342160|0,"Flash Sale - Fellow Carter 3-in-1 Lid System Travel Mug 0.42 qt, Matte Black",41.54,USD,0,1,New,harshjaya-0
2026-08-23T21:08:09Z,Fellow Carter lid,bundle_fail,v1|318495997325|0,Fellow x EVA Air Exclusive 16 oz Carter with 3-in-1 Lid System - Brand New,80.0,USD,0,1,New,leelech_42rjsl
2026-08-23T21:08:12Z,Beechwood Spatulas,price_fail,v1|297058948842|0,OUR PLACE~ Titanium Always Pan Pro Chrome with Lid & Beechwood Spatula NEW,153.91,GBP,0,1,New,dubluprida
2026-08-23T21:08:12Z,Beechwood Spatulas,price_fail,v1|387448268577|0,"Our Place Mini Always Pan 8.5"" 1.2 qt w/Lid & Beechwood Spatula, Spice",72.11,GBP,0,1,New,marisellsthisandthat
2026-08-23T21:08:12Z,Beechwood Spatulas,price_fail,v1|387448270015|0,"Our Place Mini Always Pan 8.5"" 1.2 qt w/Lid & Beechwood Spatula, Blue",72.11,GBP,0,1,New,marisellsthisandthat
2026-08-23T21:08:12Z,Beechwood Spatulas,price_fail,v1|398000200220|0,"Our Place Mini Always Pan | 8.5"" Ceramic Pan with Modular Lid & Beechwood Spa...",155.36,GBP,0,1,New,triccha_0
2026-08-23T21:08:13Z,PD V1 Loop 15 Pro Max,price_fail,v1|298235701297|0,Peak Design Everyday Case for iPhone 15 Pro Max (Sun),41.0,GBP,0,2,New,cameraworlduk
2026-08-23T21:08:13Z,Norm Bifold,price_fail,v1|267707076460|0,Distil Union Wally 5.0 with MagLock - Slim Bifold Wallet for Men with Money C...,150.19,USD,0,2,New with tags,allavenu
2026-08-23T21:08:35Z,Capers Sunglasses,identity_fail,v1|297151759591|0,Distil Union Noisette DUS902P Tortoise/Brown Square Polarized Sunglasses 54-17-1,94.95,USD,0,2,New with imperfections,surpluseyewear
2026-08-23T21:08:35Z,Capers Sunglasses,identity_fail,v1|177393142046|0,Distil Union Folly MagLock Seafarer Polarized Sunglasses | Wayfarer,59.89,USD,0,2,New with tags,natsumeii
2026-08-23T21:08:35Z,Capers Sunglasses,identity_fail,v1|355937464049|624989490712,Distil Union - Capers Sunglasses,105.0,USD,0,4,New with tags,spare-specs
2026-08-23T21:08:35Z,Capers Sunglasses,identity_fail,v1|355937469392|626775324335,Distil Union - Folly Sunglasses,105.0,USD,0,25,New with tags,spare-specs
2026-08-23T21:08:35Z,Capers Sunglasses,identity_fail,v1|355937463971|624989193134,Distil Union - Ashley Sunglasses,105.0,USD,0,25,New with tags,spare-specs
2026-08-23T21:08:35Z,Capers Sunglasses,identity_fail,v1|355937467635|624989325153,Distil Union - Kiawah Sunglasses,105.0,USD,0,25,New with tags,spare-specs
2026-08-23T21:08:41Z,Chrome Mini Kadet,price_fail,v1|256402174027|0,Chrome Mini Kadet 5L Sling Bag - Amber Heatmap,42.99,GBP,12,8,New with tags,supereightstore
2026-08-23T21:08:41Z,Chrome Mini Kadet,price_fail,v1|276417299837|0,Stabilizer Strap for Chrome Industries Mini Kadet Sling  Messenger Bag Black New,23.74,GBP,16,1,New with tags,elite-connection
2026-08-23T21:08:41Z,Chrome Mini Kadet,price_fail,v1|154888448893|0,"Chrome Industries Mini Kadet Sling 5 Liter, Black",89.2,GBP,1,5,New with tags,good-items-japan
2026-08-23T21:08:41Z,Chrome Mini Kadet,price_fail,v1|117069884258|0,Chrome Industries Mini Kadet Sling Bag – Water Resistant Messenger Crossbody ...,105.13,GBP,0,1,New with tags,bamodaproductsllc
2026-08-23T21:08:41Z,Chrome Mini Kadet,price_fail,v1|298555001466|0,Chrome Mini Kadet Sling Bag 5L Water-Resistant Black Canvas Leather W340 x H170,182.23,GBP,0,1,New without tags,humble.2
2026-08-23T21:09:00Z,Skullcandy Icon ANC,hold,v1|206066048674|0,Skullcandy Icon ANC Wireless On-Ear Headphones Noise Cancelling 60H Black New,57.99,GBP,26,5,New,rougetechnologiesuk
2026-08-23T21:09:00Z,Skullcandy Icon ANC,hold,v1|800358341753|0,Skullcandy Icon ANC Wireless On-Ear Headphones Bone White New Sealed,49.99,GBP,0,2,New,stuffnthings_uk
2026-08-23T21:09:00Z,Skullcandy Icon ANC,hold,v1|206066052450|0,Skullcandy Icon ANC Wireless On-Ear Headphones Noise Cancelling 60H Bone White,51.99,GBP,11,5,New,rougetechnologiesuk
2026-08-23T21:09:00Z,Skullcandy Icon ANC,hold,v1|236968088601|0,NEW Skullcandy Icon ANC On-Ear Bluetooth Headphones - Sealed,45.0,GBP,0,2,New,taplowsales
2026-08-23T21:09:00Z,Skullcandy Icon ANC,hold,v1|356448341557|0,Skullcandy Icon Headphones Black Wireless Noise Cancelling On-Ear ANC Earphones,59.99,GBP,5,2,New,hmv_official_store
2026-08-23T21:09:00Z,Skullcandy Icon ANC,hold,v1|168207465498|0,Skullcandy Icon ANC Wireless Bluetooth Headphones - White,64.99,GBP,0,2,Opened – never used,ria4142
2026-08-23T21:09:00Z,Skullcandy Icon ANC,hold,v1|168324146305|0,Skullcandy Icon ANC On-Ear Bluetooth Headphones - White,54.99,GBP,0,1,Opened – never used,ria4142
2026-08-23T21:09:00Z,Skullcandy Icon ANC,hold,v1|168324146661|0,Skullcandy Icon ANC On-Ear Bluetooth Headphones - White,64.99,GBP,0,2,Opened – never used,ria4142
2026-08-23T21:09:00Z,Skullcandy Icon ANC,hold,v1|227480801471|0,Skullcandy Icon ANC Noise Canceling Wireless Headphones  Bone/Orange,104.99,GBP,0,4,New,ukpricezilla
2026-08-23T21:09:00Z,Skullcandy Icon ANC,hold,v1|227480811918|0,Skullcandy Icon ANC Noise Canceling Wireless Headphones  Primer,134.99,GBP,0,4,New,ukpricezilla
2026-08-23T21:09:00Z,Skullcandy Icon ANC,hold,v1|366227746984|0,Skullcandy Wireless Headphones Skullcandy ICON ANC True Black S5IOW-S740 JDMPS,149.27,GBP,0,1,New,jdm-parts-stores
2026-08-23T21:09:00Z,Skullcandy Icon ANC,hold,v1|146837138401|0,Skullcandy Wireless Headphones Skullcandy ICON ANC True Black S5IOW-S740 TI,151.56,GBP,0,1,New,tetuya_japan
2026-08-23T21:09:00Z,Skullcandy Icon ANC,hold,v1|377406116703|0,Skullcandy Icon ANC Wireless Bluetooth Headphones White S5IOW-S951 R87240456,181.52,GBP,0,1,New,81vanagon
2026-08-23T21:09:00Z,Skullcandy Icon ANC,hold,v1|157526745414|0,Skullcandy Wireless Headphones Skullcandy ICON ANC True Black S5IOW-S740 TI,149.27,GBP,0,1,New,81vanagon
2026-08-23T21:09:00Z,Skullcandy Icon ANC,hold,v1|366057726116|0,Skullcandy Wireless Headphones ICON ANC Bone White S5IOW-S951,181.44,GBP,0,1,New,jdm-parts-stores
2026-08-23T21:09:00Z,Skullcandy Icon ANC,hold,v1|356525227486|0,Skullcandy Wireless Headphones Skullcandy ICON ANC True Black S5IOW-S740,150.12,GBP,0,1,New,nodotake_japan
2026-08-23T21:09:00Z,Skullcandy Icon ANC,hold,v1|405691559764|0,Power Adaptor&USB Wall Charger For Skullcandy ICON ANC RIFF GROM WIRELESS Headph,8.99,GBP,1,,New,dherigtech
2026-08-23T21:09:00Z,Skullcandy Icon ANC,hold,v1|405691558501|0,USB C TO C Fast PD WALL Charger For Skullcandy ICON ANC RIFF GROM WIRELESS Headp,10.99,GBP,0,,New,dherigtech
2026-08-23T21:09:00Z,Skullcandy Icon ANC,hold,v1|405691560228|675978968228,USB-C To C Charger Cable For Skullcandy ICON ANC RIFF GROM WIRELESS Headphones,7.99,GBP,0,,New,dherigtech
2026-08-23T21:09:00Z,Skullcandy Icon ANC,hold,v1|187076126390|695091078374,USB CHARGING CABLE/LEAD FOR Skullcandy ICON ANC RIFF GROM WIRELESS Headphones,3.99,GBP,1,,New,dherigtech
2026-08-23T21:09:00Z,Skullcandy Icon ANC,hold,v1|326449833813|0,USB Cable Skullcandy Dime 3 Push ANC Active Wireless Earbuds Icon ANC Headphones,6.99,GBP,0,10,New,digitnamshop
2026-08-23T21:09:00Z,Skullcandy Icon ANC,hold,v1|365892955732|0,"Headband Cover for Skullcandy Crusher Evo, Riff 2, Icon ANC Wireless Headphone",8.94,GBP,0,5,New,voarmaks-uk
2026-08-23T21:09:07Z,CG Leather Care kit,unverified,v1|318682911696|0,"Chemical Guys, Leather Cleaner & Conditioner Kit for Cars & Home, 2 x 16 oz",45.09,GBP,1,2,New,worldedgeshop
2026-08-23T21:09:07Z,CG Leather Care kit,unverified,v1|317977714312|0,"Chemical Guys Leather Cleaner and Conditioner Kit - 2 Bottles (4 oz Each), Car",30.09,GBP,4,2,New,worldedgeshop
2026-08-23T21:09:07Z,CG Leather Care kit,unverified,v1|800487540715|0,"Chemical Guys, Leather Cleaner & Conditioner Kit for Cars & Home, 2 x 16 oz",38.55,GBP,0,1,New,nicelyo
2026-08-23T21:09:07Z,CG Leather Care kit,unverified,v1|800432056786|0,Chemical Guys Leather Cleaner & Conditioner Complete Care Kit (SPI_109_16),127.98,GBP,0,,New,rolan-australia
2026-08-23T21:09:07Z,CG Leather Care kit,unverified,v1|236909613262|0,"Chemical Guys Leather Cleaner & Leather Serum Kit for Car Interiors, Furniture,",50.12,GBP,0,1,New,elevatedealsllc
2026-08-23T21:09:07Z,CG Leather Care kit,unverified,v1|287492673623|0,4 x Chemical Guys Leather Cleaner & Conditioner Complete Care Kit,406.94,GBP,0,7,New,rolan-australia
2026-08-23T21:09:07Z,CG Leather Care kit,unverified,v1|800432056993|0,6 x Chemical Guys Leather Cleaner & Conditioner Complete Care Kit,598.36,GBP,0,5,New,rolan-australia
2026-08-23T21:09:08Z,Fuego Down Pant,hold,v1|277888889547|0,Cotopaxi Fuego 800 Down Pants Navy Deep Sea Stripes Multi NWT Size XXL,225.0,USD,0,1,New with tags,aliviannehayze
