cm_gbp,roi_cost_pct,cm_rev_pct,buy_gbp,ask_median_gbp,ask_p25_gbp,active_listings,candidate,store,supply_url,sold_check_url
95.07,361,65,23.14,146.09,39.54,10,Brooklinen Heathered Cashmere Pillowcases,www.brooklinen.com,https://www.brooklinen.com/products/heathered-cashmere-pillowcases-last-call?variant=42951699857498,https://www.ebay.co.uk/sch/i.html?_nkw=Brooklinen+Heathered+Cashmere+Pillowcases&LH_Sold=1&LH_Complete=1
53.90,79,37,65.17,146.46,124.49,3,Ridge Daily Driver Kit,www.ridgewallet.com,https://www.ridgewallet.com/products/daily-driver-kit-lavender?variant=41535941214282,https://www.ebay.co.uk/sch/i.html?_nkw=Ridge+Daily+Driver+Kit&LH_Sold=1&LH_Complete=1
34.90,204,54,13.73,65.17,26.35,9,Brooklinen Organic Cotton Pillowcase Set,www.brooklinen.com,https://www.brooklinen.com/products/organic-pillowcases-last-call?variant=43329180434522,https://www.ebay.co.uk/sch/i.html?_nkw=Brooklinen+Organic+Cotton+Pillowcase+Set&LH_Sold=1&LH_Complete=1
31.43,221,54,10.80,57.70,36.61,36,Brooklinen Classic Percale Pillowcase Set,www.brooklinen.com,https://www.brooklinen.com/products/classic-pillowcases-last-call?variant=43874678046810,https://www.ebay.co.uk/sch/i.html?_nkw=Brooklinen+Classic+Percale+Pillowcase+Set&LH_Sold=1&LH_Complete=1
31.24,146,50,18.31,62.53,60.77,2,Ridge Phone Case - Tobacco Brown Leather,www.ridgewallet.com,https://www.ridgewallet.com/products/iphone-16-plus-case-tobacco-brown-leather?variant=41589820096586,https://www.ebay.co.uk/sch/i.html?_nkw=Ridge+Phone+Case+-+Tobacco+Brown+Leather&LH_Sold=1&LH_Complete=1
28.17,36,22,72.50,130.35,130.35,1,Taylor Stitch The Eddy Cardigan in Heather,www.taylorstitch.com,https://www.taylorstitch.com/products/eddy-cardigan-in-heather-charcoal-herringbone-2508?variant=41473869217869,https://www.ebay.co.uk/sch/i.html?_nkw=Taylor+Stitch+The+Eddy+Cardigan+in+Heather&LH_Sold=1&LH_Complete=1
28.07,176,50,12.63,55.79,30.76,34,Brooklinen Washed Classic Percale Pillowcase Set,www.brooklinen.com,https://www.brooklinen.com/products/washed-classic-pillowcase-set-last-call?variant=43874679750746,https://www.ebay.co.uk/sch/i.html?_nkw=Brooklinen+Washed+Classic+Percale+Pillowcase+Set&LH_Sold=1&LH_Complete=1
27.50,50,27,49.30,102.67,102.67,1,Allbirds Women s Dasher NZ,www.allbirds.ca,https://www.allbirds.ca/products/womens-dasher-nz-auburn?variant=51463509934400,https://www.ebay.co.uk/sch/i.html?_nkw=Allbirds+Women+s+Dasher+NZ&LH_Sold=1&LH_Complete=1
27.21,49,27,49.30,102.67,58.30,3,Allbirds Men s Dasher NZ,www.allbirds.ca,https://www.allbirds.ca/products/mens-dasher-nz-ochre?variant=51463508427072,https://www.ebay.co.uk/sch/i.html?_nkw=Allbirds+Men+s+Dasher+NZ&LH_Sold=1&LH_Complete=1
21.05,136,44,10.98,47.60,43.20,298,Stanley 1913 12 OZ,www.stanley1913.com,https://www.stanley1913.com/products/everyday-camp-cup-12-oz?variant=53973078901096,https://www.ebay.co.uk/sch/i.html?_nkw=Stanley+1913+12+OZ&LH_Sold=1&LH_Complete=1
16.29,29,18,49.43,91.54,49.56,7,Taylor Stitch The Jack in Autumn Pine,www.taylorstitch.com,https://www.taylorstitch.com/products/jack-in-autumn-pine-plaid-flannel-2509?variant=41473873838157,https://www.ebay.co.uk/sch/i.html?_nkw=Taylor+Stitch+The+Jack+in+Autumn+Pine&LH_Sold=1&LH_Complete=1
13.51,55,28,21.53,48.50,26.33,89,Ridge MagSafe Cardholder,www.ridgewallet.com,https://www.ridgewallet.com/products/magsafe-cardholder-lavender?variant=42324973060170,https://www.ebay.co.uk/sch/i.html?_nkw=Ridge+MagSafe+Cardholder&LH_Sold=1&LH_Complete=1
12.98,71,32,14.46,40.97,36.61,22,Brooklinen Washed European Linen Pillowcase Set,www.brooklinen.com,https://www.brooklinen.com/products/washed-linen-pillowcases-last-call?variant=43666232377434,https://www.ebay.co.uk/sch/i.html?_nkw=Brooklinen+Washed+European+Linen+Pillowcase+Set&LH_Sold=1&LH_Complete=1
12.91,18,12,65.17,103.98,65.17,9,Taylor Stitch The Newton Sweater Polo in,www.taylorstitch.com,https://www.taylorstitch.com/products/newton-sweater-polo-in-midnight-merino-2508?variant=41473869676621,https://www.ebay.co.uk/sch/i.html?_nkw=Taylor+Stitch+The+Newton+Sweater+Polo+in&LH_Sold=1&LH_Complete=1
12.69,84,35,12.45,36.49,25.63,147,Ridge Keychain,www.ridgewallet.com,https://www.ridgewallet.com/products/everyday-keychain-lavender?variant=42057329901642,https://www.ebay.co.uk/sch/i.html?_nkw=Ridge+Keychain&LH_Sold=1&LH_Complete=1
12.45,41,23,24.90,54.90,8.79,4,Sportiqe Level Up Letterman Jacket,www.deathwishcoffee.com,https://www.deathwishcoffee.com/products/level-up-letterman-jacket?variant=41473926365239,https://www.ebay.co.uk/sch/i.html?_nkw=Sportiqe+Level+Up+Letterman+Jacket&LH_Sold=1&LH_Complete=1
11.52,22,14,46.87,81.65,49.43,8,Taylor Stitch The Conrad Shirt in Fired,www.taylorstitch.com,https://www.taylorstitch.com/products/short-sleeve-conrad-shirt-in-fired-brick-dobby-2404?variant=40204024021069,https://www.ebay.co.uk/sch/i.html?_nkw=Taylor+Stitch+The+Conrad+Shirt+in+Fired&LH_Sold=1&LH_Complete=1
11.20,70,31,11.68,36.61,20.50,37,Red Bull Racing Oracle 2023 Las Vegas,www.redbullshopus.com,https://www.redbullshopus.com/products/oracle-red-bull-racing-2023-las-vegas-gp-t-shirt-1?variant=40325794529351,https://www.ebay.co.uk/sch/i.html?_nkw=Red+Bull+Racing+Oracle+2023+Las+Vegas&LH_Sold=1&LH_Complete=1
10.61,17,12,56.24,91.53,51.26,11,Taylor Stitch The Conrad Shirt in Fatigue,www.taylorstitch.com,https://www.taylorstitch.com/products/conrad-shirt-in-fatigue-olive-dobby-stripe-2506?variant=41369130008653,https://www.ebay.co.uk/sch/i.html?_nkw=Taylor+Stitch+The+Conrad+Shirt+in+Fatigue&LH_Sold=1&LH_Complete=1
10.07,42,23,21.24,43.94,36.61,8,The Ridge Mini Folder,www.ridgewallet.com,https://www.ridgewallet.com/products/mini-folder-matte-olive?variant=41970973769802,https://www.ebay.co.uk/sch/i.html?_nkw=The+Ridge+Mini+Folder&LH_Sold=1&LH_Complete=1
8.55,19,12,39.97,69.67,69.67,3,Allbirds Women s Varsity Strap,www.allbirds.ca,https://www.allbirds.ca/products/womens-varsity-strap-burlwood?variant=51695674687808,https://www.ebay.co.uk/sch/i.html?_nkw=Allbirds+Women+s+Varsity+Strap&LH_Sold=1&LH_Complete=1
8.46,17,12,42.64,72.60,50.60,7,Allbirds Women s Varsity,www.allbirds.ca,https://www.allbirds.ca/products/womens-varsity-light-burnt-olive?variant=51559392641344,https://www.ebay.co.uk/sch/i.html?_nkw=Allbirds+Women+s+Varsity&LH_Sold=1&LH_Complete=1
6.66,30,17,18.65,38.50,33.00,2,Allbirds Men s Anytime Long Sleeve Tee,www.allbirds.ca,https://www.allbirds.ca/products/mens-anytime-long-sleeve-tee-natural-white?variant=47955439157568,https://www.ebay.co.uk/sch/i.html?_nkw=Allbirds+Men+s+Anytime+Long+Sleeve+Tee&LH_Sold=1&LH_Complete=1
5.21,74,28,4.39,18.30,10.98,110,ColourPop Easy Livin,www.colourpop.com,https://www.colourpop.com/products/easy-livin-pressed-powder-highlighter?variant=40356980359250,https://www.ebay.co.uk/sch/i.html?_nkw=ColourPop+Easy+Livin&LH_Sold=1&LH_Complete=1
