id,candidate,sku,supply_local,buy_gbp,filtered_ask_median_gbp,clean_comps_n,raw_comps_n,est_cm_at_0.75,flags,supply_url,sold_check_url,match_status,match_query_used,match_confidence,match_notes,manual_sold_median,manual_sold_90d,manual_verdict,manual_notes
216,Fellow Carter 3-in-1 Lid System Stone Blue,CBOX-SB,USD 49.95,36.58,153.77,1,1,51.95,SCARCITY;THIN n<3,https://fellowproducts.com/products/carter-3-in-1-lid-system?variant=43274207887460,https://www.ebay.co.uk/sch/i.html?_nkw=Fellow+Carter+3-in-1+Lid+System+Stone+Blue&LH_Sold=1&LH_Complete=1,exact,Fellow Carter 3-in-1 Lid System Stone Blue,0.9,UK retail GBP39.99-49 for exact product; GBP153.77 comp not executable,,,dead,
216,Our Place Beechwood Spatulas,ADD.SPA.SOT.NAT,USD 11.99,8.78,60.04,6,27,22.98,SCARCITY,https://fromourplace.com/products/beechwood-spatulas?variant=39583567413442,https://www.ebay.co.uk/sch/i.html?_nkw=Our+Place+Beechwood+Spatulas&LH_Sold=1&LH_Complete=1,exact,Our Place Beechwood Spatulas,0.9,Our Place UK sells exact set ~GBP15; GBP60 median not credible,,,dead,
216,Our Place Beechwood Spoons,ADD.SPN.2NH.NAT,USD 11.99,8.78,58.58,11,17,22.14,SCARCITY,https://fromourplace.com/products/beechwood-spoons?variant=42443135680706,https://www.ebay.co.uk/sch/i.html?_nkw=Our+Place+Beechwood+Spoons&LH_Sold=1&LH_Complete=1,exact,Our Place Beechwood Spoons,0.9,"US retail $11.99, UK related sets ~GBP15; GBP58.58 needs extraordinary evidence",,,dead,
54,Peak Design Charcoal iPhone 15 Pro Max,M-LC-BL-CH-1,USD 17.48,12.80,43.07,3,36,9.73,SCARCITY,https://peakdesign.com/products/everyday-loop-case-iphone-15-pro-max-v1-charcoal?variant=41386158424141,https://www.ebay.co.uk/sch/i.html?_nkw=Peak+Design+Charcoal+iPhone+15+Pro+Max&LH_Sold=1&LH_Complete=1,exact,Peak Design Charcoal iPhone 15 Pro Max,0.9,exact V1 Loop case GBP13.50 at Peak Design UK; no arbitrage vs GBP12.80 buy,,,dead,
55,Peak Design Redwood iPhone 15 Pro Max,M-LC-BL-RD-1,USD 17.48,12.80,43.07,4,35,9.73,SCARCITY,https://peakdesign.com/products/everyday-loop-case-iphone-15-pro-max-v1-redwood?variant=41386163208269,https://www.ebay.co.uk/sch/i.html?_nkw=Peak+Design+Redwood+iPhone+15+Pro+Max&LH_Sold=1&LH_Complete=1,exact,Peak Design Redwood iPhone 15 Pro Max,0.9,exact SKU M-LC-BL-RD-1 GBP13.50 at Peak Design UK,,,dead,
56,Peak Design Sage iPhone 15 Pro Max,M-LC-BL-SG-1,USD 17.48,12.80,43.07,4,38,9.73,SCARCITY,https://peakdesign.com/products/everyday-loop-case-iphone-15-pro-max-v1-sage?variant=41386166321229,https://www.ebay.co.uk/sch/i.html?_nkw=Peak+Design+Sage+iPhone+15+Pro+Max&LH_Sold=1&LH_Complete=1,exact,Peak Design Sage iPhone 15 Pro Max,0.9,exact V1 Loop GBP13.50 at Peak Design UK,,,dead,
57,Peak Design Sun iPhone 15 Pro Max,M-LC-BL-SN-1,USD 17.48,12.80,43.07,3,15,9.73,SCARCITY,https://peakdesign.com/products/everyday-loop-case-iphone-15-pro-max-v1-sun-copy?variant=41386170613837,https://www.ebay.co.uk/sch/i.html?_nkw=Peak+Design+Sun+iPhone+15+Pro+Max&LH_Sold=1&LH_Complete=1,exact,Peak Design Sun iPhone 15 Pro Max,0.9,exact V1 Loop GBP13.50 at Peak Design UK,,,dead,
58,Twelve South ActionSleeve,12-2035,USD 4.99,3.65,25.63,1,1,7.33,SCARCITY;THIN n<3,https://twelvesouth.com/products/actionsleeve-2-for-apple-watch?variant=39286345957433,https://www.ebay.co.uk/sch/i.html?_nkw=Twelve+South+ActionSleeve&LH_Sold=1&LH_Complete=1,close,Twelve South ActionSleeve,0.9,HOLD: 12-2035 = smaller Apple Watch size; mfr clearance $4.99; single comp; needs exact sold result,,,,
58,Twelve South SuitCase for MacBook 16-inch Pro,12-2018,USD 9.99,7.32,35.14,3,4,6.67,SCARCITY,https://twelvesouth.com/products/suitcase-for-macbook?variant=32898494201913,https://www.ebay.co.uk/sch/i.html?_nkw=Twelve+South+SuitCase+for+MacBook+16-inch+Pro&LH_Sold=1&LH_Complete=1,exact,Twelve South SuitCase for MacBook 16-inch Pro,0.9,"UK market independently ~GBP30.35-31.95 vs GBP7.32 buy; PASS, benchmark",31.15,,viable,
